"taxonUUID","taxonRank","kingdom","class","simplifiedScientificName","new_redlistTW","redlistTW_date","source_process"
"5cc3c4f2-ed66-437c-89e4-1b3c84e70eb7","infraspecies","Animalia","Insecta","Papilio paris nakaharai","LC","2025-05-01","redlistTW_change_infrasp_output"
"1987e6a0-9ef1-4cd6-80a4-f4c8dcae4225","infraspecies","Animalia","Aves","Ardea cinerea jouyi","LC","2024-12-01","redlistTW_change_infrasp_output"
"633a8677-f21f-4c7f-a129-3f83d45888b9","species","Animalia","Insecta","Aeromachus bandaishanus","NT","2025-05-01","redlistTW_change_infrasp_output"
"56555242-ec38-493f-90c4-a35859b4f097","species","Animalia","Insecta","Aeromachus matudai","DD","2025-05-01","redlistTW_change_infrasp_output"
"a87467b4-8f46-4c6a-b7f5-04908003ab01","species","Animalia","Insecta","Aeromachus inachus","NT","2025-05-01","redlistTW_change_infrasp_output"
"82a0b0d7-757b-4c8b-b86f-f2250ebea711","species","Animalia","Insecta","Badamia exclamationis","LC","2025-05-01","redlistTW_change_infrasp_output"
"20af4899-a26b-4895-a3cf-cb79f232ed35","species","Animalia","Insecta","Borbo cinnara","LC","2025-05-01","redlistTW_change_infrasp_output"
"ff175a40-4001-46a6-8781-59da17f3c271","species","Animalia","Insecta","Pseudoborbo bevani","NT","2025-05-01","redlistTW_change_infrasp_output"
"9b21ce16-26bf-4fd6-b888-9abddbfe5d64","species","Animalia","Insecta","Celaenorrhinus horishanus","NT","2025-05-01","redlistTW_change_infrasp_output"
"fa1150e0-b13b-4c1b-87fa-39b9f1575d00","species","Animalia","Insecta","Celaenorrhinus kurosawai","NT","2025-05-01","redlistTW_change_infrasp_output"
"7fd71f6b-9925-4f50-9dd5-6621af158160","species","Animalia","Insecta","Celaenorrhinus major","NT","2025-05-01","redlistTW_change_infrasp_output"
"09874201-9df7-498d-bfe5-296d41c324d5","species","Animalia","Insecta","Celaenorrhinus ratna","NT","2025-05-01","redlistTW_change_infrasp_output"
"9b9ed021-70b5-4c2e-b473-8a61502aa9b1","species","Animalia","Insecta","Celaenorrhinus maculosus","NT","2025-05-01","redlistTW_change_infrasp_output"
"1f07158f-3b39-458e-a7a1-45608b866f89","species","Animalia","Insecta","Celaenorrhinus pulomaya","NT","2025-05-01","redlistTW_change_infrasp_output"
"a28e12a1-451f-4ca4-afcf-eded78671838","species","Animalia","Insecta","Coladenia pinsbukana","DD","2025-05-01","redlistTW_change_infrasp_output"
"f8eccee8-904c-490c-8f36-e6de99e370d4","species","Animalia","Insecta","Halpe gamma","VU","2025-05-01","redlistTW_change_infrasp_output"
"7ae8376a-c29e-4f82-811a-a310c3f71b93","species","Animalia","Insecta","Hasora badra","LC","2025-05-01","redlistTW_change_infrasp_output"
"e4537591-27d0-4552-a971-97243ab4bbb3","species","Animalia","Insecta","Hasora chromus","LC","2025-05-01","redlistTW_change_infrasp_output"
"a61b9d4c-0aa8-47f6-8204-1bfec9b90248","species","Animalia","Insecta","Hasora anura","NT","2025-05-01","redlistTW_change_infrasp_output"
"1619b12e-5d6b-4d5d-92a5-dd06d9f24ad7","species","Animalia","Insecta","Hasora taminatus","LC","2025-05-01","redlistTW_change_infrasp_output"
"baf547cc-8674-45a0-aa41-63de77b337a6","species","Animalia","Insecta","Notocrypta curvifascia","LC","2025-05-01","redlistTW_change_infrasp_output"
"fb090b87-f512-41f3-837a-328fd93deeab","species","Animalia","Insecta","Notocrypta feisthamelii","NT","2025-05-01","redlistTW_change_infrasp_output"
"30bdb7d1-c344-457b-aee5-632a21e42621","species","Animalia","Insecta","Ochlodes bouddha","NT","2025-05-01","redlistTW_change_infrasp_output"
"4b020588-a6c3-4bd1-857f-1c66527a804b","species","Animalia","Insecta","Parnara bada","LC","2025-05-01","redlistTW_change_infrasp_output"
"936b19e5-75fb-4a6b-9e59-06f35eac442c","species","Animalia","Insecta","Pelopidas agna","LC","2025-05-01","redlistTW_change_infrasp_output"
"dc6a2932-cb23-485f-8bfc-c7d3c0e7f465","species","Animalia","Insecta","Pelopidas conjuncta","LC","2025-05-01","redlistTW_change_infrasp_output"
"1b6b78b0-29ca-4560-9011-ed6b01fa40a0","species","Animalia","Insecta","Pelopidas sinensis","NT","2025-05-01","redlistTW_change_infrasp_output"
"2aebc599-c563-4068-8a24-8a97602a9cff","species","Animalia","Insecta","Pelopidas mathias","NT","2025-05-01","redlistTW_change_infrasp_output"
"034a33cd-40ae-486a-beff-8a919a18f219","species","Animalia","Insecta","Zinaida kiraizana","NT","2025-05-01","redlistTW_change_infrasp_output"
"d88cb5cd-d56e-48c1-8b34-d49f720741b1","species","Animalia","Insecta","Zenonoida eltola","NT","2025-05-01","redlistTW_change_infrasp_output"
"0174efc2-8c7c-40aa-b043-a521829a2f1f","species","Animalia","Insecta","Polytremis lubricans","LC","2025-05-01","redlistTW_change_infrasp_output"
"7b08c1bc-c1b5-4d91-a0b1-6d4b87e79a42","species","Animalia","Insecta","Zinaida zina","NT","2025-05-01","redlistTW_change_infrasp_output"
"337037a2-d6c4-4661-8b1a-ec12ee04cf35","species","Animalia","Insecta","Potanthus motzui","LC","2025-05-01","redlistTW_change_infrasp_output"
"5377ee39-9ca2-48d7-ad4b-fb8eddea545f","species","Animalia","Insecta","Potanthus pava","NT","2025-05-01","redlistTW_change_infrasp_output"
"96fc1250-76cf-445e-9209-bf269eb525f6","species","Animalia","Insecta","Potanthus diffusus","NT","2025-05-01","redlistTW_change_infrasp_output"
"f5a2434e-1b72-4b82-99df-653569dffb8b","species","Animalia","Insecta","Potanthus confucius","LC","2025-05-01","redlistTW_change_infrasp_output"
"0b6fc1da-8646-4523-804b-0694ec07417f","species","Animalia","Insecta","Satarupa formosibia","NT","2025-05-01","redlistTW_change_infrasp_output"
"52b8e9d8-2bdc-4487-a7e9-97d4587dba1a","species","Animalia","Insecta","Satarupa majasra","VU","2025-05-01","redlistTW_change_infrasp_output"
"f68a0b95-c026-44bc-a366-e4e2ad85c8f8","species","Animalia","Insecta","Seseria formosana","LC","2025-05-01","redlistTW_change_infrasp_output"
"587ac3b6-7c2f-4b77-b94e-9f0cfe7f1d75","species","Animalia","Insecta","Suastus gremius","LC","2025-05-01","redlistTW_change_infrasp_output"
"b62bc692-8dc0-4db7-9c65-f5b47b728ceb","species","Animalia","Insecta","Tagiades cohaerens","LC","2025-05-01","redlistTW_change_infrasp_output"
"8994487f-b57c-4b51-9ed9-f6a46a1ab4b8","species","Animalia","Insecta","Tagiades trebellius","NT","2025-05-01","redlistTW_change_infrasp_output"
"ff69777c-2e4f-4a00-bc0a-b15edeffcdc0","species","Animalia","Insecta","Praethoressa horishana","EN","2025-05-01","redlistTW_change_infrasp_output"
"de692abf-31fe-4ecc-a2c0-6a372ed996bb","species","Animalia","Insecta","Udaspes folus","LC","2025-05-01","redlistTW_change_infrasp_output"
"8dff1dbb-2c56-44a6-8ccc-ed5358255e35","species","Animalia","Insecta","Abraximorpha davidii","NT","2025-05-01","redlistTW_change_infrasp_output"
"9d84bf13-b70a-42e3-b026-1918eb1c4418","species","Animalia","Insecta","Ampittia dioscorides","NT","2025-05-01","redlistTW_change_infrasp_output"
"67a8131e-cd3a-4750-9b5c-1a7dc62dde79","species","Animalia","Insecta","Ampittia virgata","LC","2025-05-01","redlistTW_change_infrasp_output"
"7e145d8f-ba38-4f77-8fcd-51971e65bbd5","species","Animalia","Insecta","Burara jaina","LC","2025-05-01","redlistTW_change_infrasp_output"
"1c94bd05-a85c-45d5-ac9b-f8652d068fd0","species","Animalia","Insecta","Caltoris bromus","NT","2025-05-01","redlistTW_change_infrasp_output"
"70268973-7dc9-4096-a21d-071aa48f9205","species","Animalia","Insecta","Choaspes benjaminii","NT","2025-05-01","redlistTW_change_infrasp_output"
"316e5882-b670-4b8c-b730-3e0589d858b0","species","Animalia","Insecta","Choaspes xanthopogon","NT","2025-05-01","redlistTW_change_infrasp_output"
"50ab4f37-876a-4d3d-ab37-827853651b65","species","Animalia","Insecta","Isoteinon lamprospilus","LC","2025-05-01","redlistTW_change_infrasp_output"
"52f03ea2-2ce0-4efb-ade2-792c6ecc9f3b","species","Animalia","Insecta","Lobocla bifasciata","NT","2025-05-01","redlistTW_change_infrasp_output"
"5cab2765-6f4b-426c-a779-b6ad4daaadc4","species","Animalia","Insecta","Onryza maga","NT","2025-05-01","redlistTW_change_infrasp_output"
"734e69a2-c30c-4747-b970-aa2b078d32da","species","Animalia","Insecta","Telicota bambusae","LC","2025-05-01","redlistTW_change_infrasp_output"
"34e500a1-ddaa-44f1-b72a-63c54182ec0d","species","Animalia","Insecta","Telicota colon","NT","2025-05-01","redlistTW_change_infrasp_output"
"1e62cae2-7c75-41f6-9ba5-c9d685688c34","species","Animalia","Insecta","Telicota ohara","LC","2025-05-01","redlistTW_change_infrasp_output"
"10fc09a7-f07b-4f03-b20e-2dac3a6eb5e1","species","Animalia","Insecta","Antigius jinpingi","DD","2025-05-01","redlistTW_change_infrasp_output"
"fa31a045-f1eb-47b3-baf7-b4a53c843914","species","Animalia","Insecta","Antigius attilia","VU","2025-05-01","redlistTW_change_infrasp_output"
"2ff7f497-d2be-4ab6-9372-5a2ae539a3c6","species","Animalia","Insecta","Arhopala japonica","LC","2025-05-01","redlistTW_change_infrasp_output"
"f5ae2da3-df8e-405b-ac41-9d9b60a6b95d","species","Animalia","Insecta","Arhopala bazalus","LC","2025-05-01","redlistTW_change_infrasp_output"
"e1501e77-d9e7-4f59-a643-e4e9ed525452","species","Animalia","Insecta","Arhopala birmana","LC","2025-05-01","redlistTW_change_infrasp_output"
"2d9d72ae-84c9-4ec1-87ea-fbd7f98d469b","species","Animalia","Insecta","Arhopala ganesa","NT","2025-05-01","redlistTW_change_infrasp_output"
"152f18fa-9143-4dea-9350-02068384d998","species","Animalia","Insecta","Arhopala paramuta","NT","2025-05-01","redlistTW_change_infrasp_output"
"14807bc1-81e9-4f6a-9558-208c783cd53d","species","Animalia","Insecta","Celatoxia marginata","NT","2025-05-01","redlistTW_change_infrasp_output"
"929fd3d7-130f-49c8-ae76-fd36695fd3a0","species","Animalia","Insecta","Chrysozephyrus teisoi","NT","2025-05-01","redlistTW_change_infrasp_output"
"857fd4a9-7b27-4116-bece-c7083a9e60c4","species","Animalia","Insecta","Chrysozephyrus mushaellus","NT","2025-05-01","redlistTW_change_infrasp_output"
"f1eff340-83fe-4f77-ab54-5f988d279a29","species","Animalia","Insecta","Chrysozephyrus nishikaze","NT","2025-05-01","redlistTW_change_infrasp_output"
"c42b8600-1811-4a4f-90c3-be1d822c28c2","species","Animalia","Insecta","Chrysozephyrus rarasanus","NT","2025-05-01","redlistTW_change_infrasp_output"
"5dc33739-39a7-4b82-af8a-62649000a69d","species","Animalia","Insecta","Chrysozephyrus splendidulus","NT","2025-05-01","redlistTW_change_infrasp_output"
"3175259e-72d0-4dc9-a222-56aedbc9c518","species","Animalia","Insecta","Chrysozephyrus yuchingkinus","NT","2025-05-01","redlistTW_change_infrasp_output"
"bf980d15-9fb0-457b-a386-96a901ed4484","species","Animalia","Insecta","Chrysozephyrus lingi","NT","2025-05-01","redlistTW_change_infrasp_output"
"28ca96d3-d9b0-4abc-84dc-bb41462180d9","species","Animalia","Insecta","Chrysozephyrus disparatus","NT","2025-05-01","redlistTW_change_infrasp_output"
"6140d821-5a2d-4392-b238-1be05930aafa","species","Animalia","Insecta","Chrysozephyrus kabrua","NT","2025-05-01","redlistTW_change_infrasp_output"
"15807765-9689-4559-aec7-e47d1b0a0801","species","Animalia","Insecta","Curetis brunnea","NT","2025-05-01","redlistTW_change_infrasp_output"
"a2dfc199-86e2-4f9e-8187-906db2868ce3","species","Animalia","Insecta","Curetis acuta","LC","2025-05-01","redlistTW_change_infrasp_output"
"8c8452f7-a47f-4309-9bd0-7ba909a7fba9","species","Animalia","Insecta","Deudorix rapaloides","NT","2025-05-01","redlistTW_change_infrasp_output"
"c01d836a-6373-4087-8f4d-3f7630672173","species","Animalia","Insecta","Deudorix epijarbas","LC","2025-05-01","redlistTW_change_infrasp_output"
"8240c839-79cc-4cec-84ec-c0d963df06c4","species","Animalia","Insecta","Deudorix sankakuhonis","NT","2025-05-01","redlistTW_change_infrasp_output"
"6bbf67c8-ca0b-4992-9981-0c69cf44ac76","species","Animalia","Insecta","Euaspa forsteri","NT","2025-05-01","redlistTW_change_infrasp_output"
"f4153ddc-7377-4645-a433-10221aaa58e2","species","Animalia","Insecta","Euaspa tayal","DD","2025-05-01","redlistTW_change_infrasp_output"
"51b2fc83-18ac-47b6-a9dd-8f2cbd4cf67f","species","Animalia","Insecta","Euaspa milionia","NT","2025-05-01","redlistTW_change_infrasp_output"
"11704d86-4974-43e0-963b-91fb42fb85eb","species","Animalia","Insecta","Euchrysops cnejus","LC","2025-05-01","redlistTW_change_infrasp_output"
"cc111ce9-6d09-4522-a42a-a9b2c7b6a323","species","Animalia","Insecta","Fixsenia watarii","NT","2025-05-01","redlistTW_change_infrasp_output"
"d80d34a4-7175-49fb-94de-ea0f87c1b66b","species","Animalia","Insecta","Horaga rarasana","NT","2025-05-01","redlistTW_change_infrasp_output"
"88fe1eba-7c88-417f-8391-8eaaf5a94e16","species","Animalia","Insecta","Horaga albimacula","LC","2025-05-01","redlistTW_change_infrasp_output"
"6a43b03e-5908-428d-b414-e0ab30c1fb55","species","Animalia","Insecta","Horaga onyx","NT","2025-05-01","redlistTW_change_infrasp_output"
"6ce4f5ae-067b-4b01-9e5c-c3dbb0d516ff","species","Animalia","Insecta","Hypolycaena othona","DD","2025-05-01","redlistTW_change_infrasp_output"
"fb16e422-ee9f-4e57-ab3c-0f84a0543d76","species","Animalia","Insecta","Hypolycaena kina","VU","2025-05-01","redlistTW_change_infrasp_output"
"8f8e94c3-388d-418f-bc87-441cf298d2b9","species","Animalia","Insecta","Jamides celeno","LC","2025-05-01","redlistTW_change_infrasp_output"
"8104c6e7-396c-45d8-b623-2a3ff984e876","species","Animalia","Insecta","Jamides alecto","LC","2025-05-01","redlistTW_change_infrasp_output"
"1334d19d-fa54-49bb-8d16-cd52202ff67a","species","Animalia","Insecta","Jamides bochus","LC","2025-05-01","redlistTW_change_infrasp_output"
"f660bd1c-082c-4865-8608-4d717b2106b2","species","Animalia","Insecta","Japonica patungkoanui","NT","2025-05-01","redlistTW_change_infrasp_output"
"89dfd108-f774-43fe-989a-9caf27c5d0f3","species","Animalia","Insecta","Lampides boeticus","LC","2025-05-01","redlistTW_change_infrasp_output"
"602fab1c-b5cd-4d62-a5ce-a47a2bdb1f3c","species","Animalia","Insecta","Leptotes plinius","LC","2025-05-01","redlistTW_change_infrasp_output"
"4778e0ef-1567-40ca-8fce-23df07ea272d","species","Animalia","Insecta","Leucantigius atayalicus","NT","2025-05-01","redlistTW_change_infrasp_output"
"c2131209-7410-4154-be07-7cf8fbbe479c","infraspecies","Animalia","Insecta","Mahathala ameria hainani","LC","2025-05-01","redlistTW_change_infrasp_output"
"001d125a-6c17-44fa-99eb-84181ffa3abe","species","Animalia","Insecta","Neopithecops zalmora","LC","2025-05-01","redlistTW_change_infrasp_output"
"cd184777-cbf0-4ed1-98de-d4311f2d4896","species","Animalia","Insecta","Neozephyrus taiwanus","NT","2025-05-01","redlistTW_change_infrasp_output"
"4c7ac50b-bdab-4561-9ce4-73f987146bee","species","Animalia","Insecta","Orthomiella rantaizana","NT","2025-05-01","redlistTW_change_infrasp_output"
"7464eda8-4313-4915-905d-b304daecf412","species","Animalia","Insecta","Phengaris daitozana","NT","2025-05-01","redlistTW_change_infrasp_output"
"be1338f4-faee-4cbd-ad30-660b6e8cd6ed","species","Animalia","Insecta","Phengaris atroguttata","NT","2025-05-01","redlistTW_change_infrasp_output"
"0649e1ac-3103-4abb-b7ad-4b4901bbd2a5","species","Animalia","Insecta","Rapala takasagonis","NT","2025-05-01","redlistTW_change_infrasp_output"
"05f537d1-25df-47c2-8fca-94edd860ad52","species","Animalia","Insecta","Rapala caerulea","NT","2025-05-01","redlistTW_change_infrasp_output"
"12d57ccd-04c2-4bd9-a412-932d57b3cec5","species","Animalia","Insecta","Rapala nissa","NT","2025-05-01","redlistTW_change_infrasp_output"
"e932eca7-85b0-49f4-9715-745d71b79c83","species","Animalia","Insecta","Rapala varuna","LC","2025-05-01","redlistTW_change_infrasp_output"
"850b730f-520d-42b3-b071-908954e99a26","species","Animalia","Insecta","Ravenna nivea","NT","2025-05-01","redlistTW_change_infrasp_output"
"17d7fa9d-4e62-463c-9192-0e27a18c4d1f","species","Animalia","Insecta","Satyrium esakii","VU","2025-05-01","redlistTW_change_infrasp_output"
"627cbc28-de25-4b2e-a2e0-c14836781aa2","species","Animalia","Insecta","Satyrium formosanum","NT","2025-05-01","redlistTW_change_infrasp_output"
"193f7786-72d8-4183-90b9-9a0ee4bdabd6","species","Animalia","Insecta","Satyrium inouei","NT","2025-05-01","redlistTW_change_infrasp_output"
"750e3c26-1962-4767-a996-fe35fbfceb1d","species","Animalia","Insecta","Satyrium tanakai","NT","2025-05-01","redlistTW_change_infrasp_output"
"457f053c-e00a-4533-ab68-b887b8487139","species","Animalia","Insecta","Satyrium eximium","NT","2025-05-01","redlistTW_change_infrasp_output"
"f541d5e9-b684-493a-b0b7-993f04db9a78","species","Animalia","Insecta","Shijimia moorei","NT","2025-05-01","redlistTW_change_infrasp_output"
"66a60866-649c-408e-a67c-5705d2df82d7","species","Animalia","Insecta","Sibataniozephyrus kuafui","CR","2025-05-01","redlistTW_change_infrasp_output"
"e78a0ec8-1293-4753-bdf4-3a6811a21c61","species","Animalia","Insecta","Spindasis kuyanianus","NT","2025-05-01","redlistTW_change_infrasp_output"
"b1222618-5509-483a-98e2-a0dad1fb7145","species","Animalia","Insecta","Spindasis syama","LC","2025-05-01","redlistTW_change_infrasp_output"
"89484436-f6e6-44e2-bc57-278553329091","species","Animalia","Insecta","Spindasis lohita","LC","2025-05-01","redlistTW_change_infrasp_output"
"a0f46d04-1f8d-4d05-91fd-5de4079e4e89","species","Animalia","Insecta","Tajuria diaeus","NT","2025-05-01","redlistTW_change_infrasp_output"
"00806c5e-8c93-4df1-b3fd-f70010d5fe60","species","Animalia","Insecta","Teratozephyrus arisanus","NT","2025-05-01","redlistTW_change_infrasp_output"
"2cb3e1cf-9bbb-4f3d-94ac-ecf650361a4c","species","Animalia","Insecta","Teratozephyrus yugaii","NT","2025-05-01","redlistTW_change_infrasp_output"
"62ea4a40-9698-4771-ad72-8d55064192e2","species","Animalia","Insecta","Teratozephyrus elatus","NT","2025-05-01","redlistTW_change_infrasp_output"
"81182dea-43fa-4fc8-8b6e-e668815b5da4","species","Animalia","Insecta","Tongeia hainani","NT","2025-05-01","redlistTW_change_infrasp_output"
"901a2795-0db9-4a58-a213-56d7f27e7282","species","Animalia","Insecta","Tongeia filicaudis","NT","2025-05-01","redlistTW_change_infrasp_output"
"4c552a53-e2fc-4191-9f90-581cdb4513f1","species","Animalia","Insecta","Udara albocaerulea","NT","2025-05-01","redlistTW_change_infrasp_output"
"a1304dd8-2860-4c7c-9164-ec178a120351","species","Animalia","Insecta","Udara dilecta","NT","2025-05-01","redlistTW_change_infrasp_output"
"c704c111-82dc-4b29-b187-f6f23ae1cf19","species","Animalia","Insecta","Wagimo insularis","NT","2025-05-01","redlistTW_change_infrasp_output"
"263c59e9-8b4c-4e16-9f67-f4af7f536830","species","Animalia","Insecta","Zizeeria karsandra","LC","2025-05-01","redlistTW_change_infrasp_output"
"2bf2c616-79e2-421a-8568-8b8a5c31876e","species","Animalia","Insecta","Zizeeria maha","LC","2025-05-01","redlistTW_change_infrasp_output"
"921dcdb5-66ad-4ebe-a665-705e4503285e","species","Animalia","Insecta","Zizina otis","LC","2025-05-01","redlistTW_change_infrasp_output"
"5bb8227c-95e8-4033-a9d9-06d240178196","species","Animalia","Insecta","Zizula hylax","LC","2025-05-01","redlistTW_change_infrasp_output"
"0c911f08-0ee6-42ff-916e-df26d6c54ccd","species","Animalia","Insecta","Abisara burnii","NT","2025-05-01","redlistTW_change_infrasp_output"
"3b3cbc2a-639d-469c-a718-ce0144779f7d","species","Animalia","Insecta","Acytolepis puspa","LC","2025-05-01","redlistTW_change_infrasp_output"
"0eed1292-fc1e-46bd-9b4f-9a1442b15b83","species","Animalia","Insecta","Amblopala avidiena","NT","2025-05-01","redlistTW_change_infrasp_output"
"fcf8a757-2a11-498f-8746-218c4e6d3908","species","Animalia","Insecta","Ancema ctesia","NT","2025-05-01","redlistTW_change_infrasp_output"
"52fdc492-f3c2-48f9-ae71-f914e721a394","species","Animalia","Insecta","Araragi enthea","NT","2025-05-01","redlistTW_change_infrasp_output"
"c6023e3c-0771-4e3d-8aa8-ec70155b06c9","species","Animalia","Insecta","Artipe eryx","NT","2025-05-01","redlistTW_change_infrasp_output"
"24319aad-108b-4912-95f6-d7977b7c21cf","species","Animalia","Insecta","Callenya melaena","NT","2025-05-01","redlistTW_change_infrasp_output"
"293ac012-16e9-4477-81ae-7714f100f9a1","species","Animalia","Insecta","Catapaecilma major","NT","2025-05-01","redlistTW_change_infrasp_output"
"3ba8fa09-2b90-4b11-a2aa-c2b58b25c7d3","species","Animalia","Insecta","Catochrysops panormus","LC","2025-05-01","redlistTW_change_infrasp_output"
"050d521d-abfa-4a71-a577-c09ad2acaa08","species","Animalia","Insecta","Celastrina argiolus","DD","2025-05-01","redlistTW_change_infrasp_output"
"0963c91b-52b3-4a49-8c8c-9fc24edd96b8","species","Animalia","Insecta","Celastrina lavendularis","LC","2025-05-01","redlistTW_change_infrasp_output"
"60cfec65-d732-4fd8-abaf-17fa0eec78ad","species","Animalia","Insecta","Celastrina oreas","NT","2025-05-01","redlistTW_change_infrasp_output"
"c6d02735-7043-484b-befa-5f98be6a976d","species","Animalia","Insecta","Celastrina sugitanii","NT","2025-05-01","redlistTW_change_infrasp_output"
"c7f59b1d-d104-4a7b-8dd0-fc909703efd2","species","Animalia","Insecta","Chilades lajus","NT","2025-05-01","redlistTW_change_infrasp_output"
"9f8e6813-22bc-4a8e-8716-e47aeee4e7d9","species","Animalia","Insecta","Chilades pandava","LC","2025-05-01","redlistTW_change_infrasp_output"
"c192e2a9-c6c0-4922-8be3-afb9a6acdb82","species","Animalia","Insecta","Cordelia comes","NT","2025-05-01","redlistTW_change_infrasp_output"
"99626e37-7bdd-4bf8-8b0a-fa509c014c7e","species","Animalia","Insecta","Dodona formosana","NT","2025-05-01","redlistTW_change_infrasp_output"
"1cb88f8d-4384-483e-babe-13b88aa1eb6e","species","Animalia","Insecta","Everes argiades","NT","2025-05-01","redlistTW_change_infrasp_output"
"5e84ae79-aaca-4905-8072-e19deca8ec31","species","Animalia","Insecta","Everes lacturnus","EN","2025-05-01","redlistTW_change_infrasp_output"
"c3d680a1-a506-439e-a3b5-49a02a7324fc","species","Animalia","Insecta","Famegana nisa","DD","2025-05-01","redlistTW_change_infrasp_output"
"eec7f49b-e317-45be-b152-3f091c56ed45","species","Animalia","Insecta","Freyeria putli","NT","2025-05-01","redlistTW_change_infrasp_output"
"92c52812-499e-4f06-ba1d-753e85d970e1","species","Animalia","Insecta","Heliophorus ila","LC","2025-05-01","redlistTW_change_infrasp_output"
"f2ed7980-c6a7-4601-9b04-b2113f922ef2","species","Animalia","Insecta","Iratsume orsedice","VU","2025-05-01","redlistTW_change_infrasp_output"
"9a6e1221-5155-40b9-b396-2f26c1259b06","species","Animalia","Insecta","Megisba malaya","LC","2025-05-01","redlistTW_change_infrasp_output"
"7d30f15a-9cde-435c-921d-6aafbe0a24bc","species","Animalia","Insecta","Nacaduba beroe","NT","2025-05-01","redlistTW_change_infrasp_output"
"537dbaf2-a5c5-45fc-b5c3-85bde6232eb2","species","Animalia","Insecta","Nacaduba kurava","LC","2025-05-01","redlistTW_change_infrasp_output"
"9c240c80-273f-40f7-88b9-b6c59ff5f998","species","Animalia","Insecta","Nacaduba pactolus","DD","2025-05-01","redlistTW_change_infrasp_output"
"3b808ade-99f2-4512-817c-c8bcbc824ff7","species","Animalia","Insecta","Pithecops corvus","NT","2025-05-01","redlistTW_change_infrasp_output"
"b5fb9f79-4373-4e43-bcce-678493efdb0c","species","Animalia","Insecta","Pithecops fulgens","NT","2025-05-01","redlistTW_change_infrasp_output"
"2e93a3f0-2090-4fe8-a025-d89edf0469f0","species","Animalia","Insecta","Prosotas dubiosa","LC","2025-05-01","redlistTW_change_infrasp_output"
"ff40bac7-991c-4aeb-ad2a-348b25a2229d","species","Animalia","Insecta","Prosotas nora","LC","2025-05-01","redlistTW_change_infrasp_output"
"f160c39b-ad5b-4bee-a428-fa6777e18e5e","species","Animalia","Insecta","Sinthusa chandrana","LC","2025-05-01","redlistTW_change_infrasp_output"
"3aa7a1fe-e833-411b-907a-f1832ea24222","species","Animalia","Insecta","Spalgis epeus","NT","2025-05-01","redlistTW_change_infrasp_output"
"c38c02a4-2cdb-4ce3-99f0-4b8ba0573d1c","species","Animalia","Insecta","Taraka hamada","LC","2025-05-01","redlistTW_change_infrasp_output"
"377c0847-6a6b-4131-bd87-7dd3510e45ba","species","Animalia","Insecta","Ussuriana michaelis","NT","2025-05-01","redlistTW_change_infrasp_output"
"8bf8256f-c818-4cf0-9337-af490fb8a906","species","Animalia","Insecta","Argynnis paphia","NT","2025-05-01","redlistTW_change_infrasp_output"
"a5f6dad0-a90c-44df-9070-d34661eac654","species","Animalia","Insecta","Argynnis hyperbius","VU","2025-05-01","redlistTW_change_infrasp_output"
"12572b2e-8865-4283-b879-f97d49131361","species","Animalia","Insecta","Athyma perius","LC","2025-05-01","redlistTW_change_infrasp_output"
"1d026863-6aae-4d60-b76b-1cc7ef6f1620","species","Animalia","Insecta","Limenitis asura","NT","2025-05-01","redlistTW_change_infrasp_output"
"c0f27f99-07a6-4d0a-beff-6b310b983d68","species","Animalia","Insecta","Athyma cama","LC","2025-05-01","redlistTW_change_infrasp_output"
"7062320c-b565-446c-b8ea-6d912f87e1e8","species","Animalia","Insecta","Limenitis fortuna","NT","2025-05-01","redlistTW_change_infrasp_output"
"9199e0cd-139c-4729-b494-27e0ee246f24","species","Animalia","Insecta","Athyma opalina","NT","2025-05-01","redlistTW_change_infrasp_output"
"673be366-4afe-499b-ad5d-483229f44fb3","species","Animalia","Insecta","Athyma selenophora","LC","2025-05-01","redlistTW_change_infrasp_output"
"fe69ed59-1db7-40c7-b3f6-bee632525184","species","Animalia","Insecta","Chitoria chrysolora","LC","2025-05-01","redlistTW_change_infrasp_output"
"03adfa08-836e-4bed-9c6f-7068053413b8","species","Animalia","Insecta","Chitoria ulupi","NT","2025-05-01","redlistTW_change_infrasp_output"
"b93dadb7-4217-48a2-b680-64a16b048c85","species","Animalia","Insecta","Cupha erymanthis","LC","2025-05-01","redlistTW_change_infrasp_output"
"fff64451-fb0d-475d-8489-c92a6b7b9d31","species","Animalia","Insecta","Danaus chrysippus","LC","2025-05-01","redlistTW_change_infrasp_output"
"b72ebec4-a153-45e8-ab73-087662ada8cb","species","Animalia","Insecta","Danaus genutia","VU","2025-05-01","redlistTW_change_infrasp_output"
"9b91d5b9-3bff-4ecf-adf9-f13cc91d7175","species","Animalia","Insecta","Euploea eunice","LC","2025-05-01","redlistTW_change_infrasp_output"
"ba7a0ac8-9dfa-4ec8-a6d0-fcb21deab58d","species","Animalia","Insecta","Euploea mulciber","LC","2025-05-01","redlistTW_change_infrasp_output"
"fcbbf783-2b40-42eb-a9f5-39aa2dc73160","species","Animalia","Insecta","Euploea sylvester","LC","2025-05-01","redlistTW_change_infrasp_output"
"f168c1d8-6937-471f-bcb0-5f19cf629a7b","species","Animalia","Insecta","Euploea tulliolus","LC","2025-05-01","redlistTW_change_infrasp_output"
"e941b541-3eaf-4243-8eb0-592c5705398c","species","Animalia","Insecta","Euthalia formosana","NT","2025-05-01","redlistTW_change_infrasp_output"
"dc9d1ee2-2481-49a5-9248-b0ec4f28253c","species","Animalia","Insecta","Euthalia insulae","NT","2025-05-01","redlistTW_change_infrasp_output"
"eec6659d-a83b-44cd-803b-6fdcc131dc98","species","Animalia","Insecta","Euthalia malapana","DD","2025-05-01","redlistTW_change_infrasp_output"
"24bd480c-2b4e-4475-a8ef-35808750f063","species","Animalia","Insecta","Euthalia kosempona","NT","2025-05-01","redlistTW_change_infrasp_output"
"7c19a6af-4289-4c80-9799-848173391872","species","Animalia","Insecta","Euthalia irrubescens","NT","2025-05-01","redlistTW_change_infrasp_output"
"960851a5-7cfa-460a-b8ff-e6d33500075a","species","Animalia","Insecta","Helcyra plesseni","NT","2025-05-01","redlistTW_change_infrasp_output"
"11bfe7c8-1eb3-4e3d-a2e6-a5c59fb870d3","species","Animalia","Insecta","Helcyra superba","NT","2025-05-01","redlistTW_change_infrasp_output"
"0e6435f7-36a4-47b0-808c-acd572ba7000","species","Animalia","Insecta","Hypolimnas misippus","LC","2025-05-01","redlistTW_change_infrasp_output"
"52293356-1797-44a1-b66b-8bd2c249e0e8","species","Animalia","Insecta","Hypolimnas bolina","LC","2025-05-01","redlistTW_change_infrasp_output"
"0c858d03-27fa-4359-9a4c-0ce9fd99d8ff","species","Animalia","Insecta","Ideopsis similis","LC","2025-05-01","redlistTW_change_infrasp_output"
"ce8662d5-0762-4da8-bce7-8a22e763548a","species","Animalia","Insecta","Junonia almana","LC","2025-05-01","redlistTW_change_infrasp_output"
"de454c9b-6883-4e41-9145-5d95e419cfe6","species","Animalia","Insecta","Junonia iphita","LC","2025-05-01","redlistTW_change_infrasp_output"
"1df34506-617f-4adc-af7e-007c79dd9911","species","Animalia","Insecta","Junonia orithya","LC","2025-05-01","redlistTW_change_infrasp_output"
"5b57f2ec-9d9a-4855-b717-85f7ce5b0080","species","Animalia","Insecta","Junonia lemonias","LC","2025-05-01","redlistTW_change_infrasp_output"
"0b0ce9fd-853e-45df-bdf1-4ab4a0ca26e5","species","Animalia","Insecta","Lethe mataja","NT","2025-05-01","redlistTW_change_infrasp_output"
"157c31e0-f9d5-44a6-ab7d-924fd64c4591","species","Animalia","Insecta","Lethe butleri","NT","2025-05-01","redlistTW_change_infrasp_output"
"9ed3ce1b-5be8-4932-8dac-8549aa8068fb","species","Animalia","Insecta","Lethe chandica","LC","2025-05-01","redlistTW_change_infrasp_output"
"8f248a12-1279-4e10-8895-68996e96940a","species","Animalia","Insecta","Lethe christophi","NT","2025-05-01","redlistTW_change_infrasp_output"
"5df6a87d-835f-4b00-9c56-8038767dfc3d","species","Animalia","Insecta","Lethe europa","NT","2025-05-01","redlistTW_change_infrasp_output"
"6539d53a-3413-45da-82be-932a60305ef6","species","Animalia","Insecta","Lethe gemina","NT","2025-05-01","redlistTW_change_infrasp_output"
"63d90a33-9445-4d53-8a29-5577382957f1","species","Animalia","Insecta","Lethe hyrania","NT","2025-05-01","redlistTW_change_infrasp_output"
"618f5231-fcea-4106-b54f-44e7b3895a4a","species","Animalia","Insecta","Lethe rohria","EN","2025-05-01","redlistTW_change_infrasp_output"
"86b60389-1618-434c-af61-b27d71620aae","species","Animalia","Insecta","Lethe verma","NT","2025-05-01","redlistTW_change_infrasp_output"
"15b476fe-8ffd-42ee-8e90-708fa70c1aed","species","Animalia","Insecta","Melanitis leda","VU","2025-05-01","redlistTW_change_infrasp_output"
"1b2eb09e-ce8f-4845-8206-3fe3dc8c27f2","species","Animalia","Insecta","Melanitis phedima","LC","2025-05-01","redlistTW_change_infrasp_output"
"12eeb3df-2d59-4fa4-941e-11ffd5eb07b3","species","Animalia","Insecta","Minois nagasawae","NT","2025-05-01","redlistTW_change_infrasp_output"
"c539625d-4788-49f5-bd51-12f10cbad450","species","Animalia","Insecta","Mycalesis mineus","NT","2025-05-01","redlistTW_change_infrasp_output"
"b496dc26-a6da-4c35-9b1f-60099f884194","infraspecies","Animalia","Insecta","Mycalesis mucianus zonatus","LC","2025-05-01","redlistTW_change_infrasp_output"
"1e2211a4-62f4-489b-ba36-12ed6f88cb78","species","Animalia","Insecta","Mycalesis francisca","LC","2025-05-01","redlistTW_change_infrasp_output"
"55c23813-3111-4808-b58f-0f54951d1dd5","species","Animalia","Insecta","Mycalesis gotama","VU","2025-05-01","redlistTW_change_infrasp_output"
"c0d005ce-0282-4ca1-8b95-03d4eb88ff27","species","Animalia","Insecta","Mycalesis perseus","NT","2025-05-01","redlistTW_change_infrasp_output"
"0820cd00-476a-482c-9749-874ab7a50d5f","species","Animalia","Insecta","Neptis reducta","NT","2025-05-01","redlistTW_change_infrasp_output"
"11512966-2599-498f-a822-a811e94cd66c","species","Animalia","Insecta","Neptis taiwana","LC","2025-05-01","redlistTW_change_infrasp_output"
"a0e74c25-da55-435a-976b-43ffd486f56d","species","Animalia","Insecta","Neptis hylas","LC","2025-05-01","redlistTW_change_infrasp_output"
"f544e7b2-013c-4f61-bee6-ec00268e41b0","species","Animalia","Insecta","Neptis ilos","NT","2025-05-01","redlistTW_change_infrasp_output"
"8cc9053f-34f0-4a84-b257-719714d01c23","species","Animalia","Insecta","Neptis nata","LC","2025-05-01","redlistTW_change_infrasp_output"
"7513aa1e-d7ec-4021-a38d-ec5f51c88fee","species","Animalia","Insecta","Neptis noyala","NT","2025-05-01","redlistTW_change_infrasp_output"
"c3ef9db3-dca5-4779-85d9-c0d1b2249318","species","Animalia","Insecta","Neptis philyra","NT","2025-05-01","redlistTW_change_infrasp_output"
"726dbf81-84d2-426f-b112-177f86ba26c0","species","Animalia","Insecta","Neptis philyroides","NT","2025-05-01","redlistTW_change_infrasp_output"
"ae516847-d558-445e-a81e-f443d4252d05","species","Animalia","Insecta","Neptis pryeri","NT","2025-05-01","redlistTW_change_infrasp_output"
"81dbd26b-97ec-4819-838e-271646d33c84","species","Animalia","Insecta","Neptis sankara","NT","2025-05-01","redlistTW_change_infrasp_output"
"d3a2a230-dd2f-4031-892d-ac38c6cca51b","species","Animalia","Insecta","Neptis sappho","LC","2025-05-01","redlistTW_change_infrasp_output"
"15716731-f8b6-458e-8b13-6f8f76684e88","species","Animalia","Insecta","Neptis soma","LC","2025-05-01","redlistTW_change_infrasp_output"
"67145943-cb28-4e39-896f-36dbce403841","species","Animalia","Insecta","Neptis sylvana","NT","2025-05-01","redlistTW_change_infrasp_output"
"5e53583f-53a5-41fa-8594-86f6520f1d91","species","Animalia","Insecta","Parantica swinhoei","LC","2025-05-01","redlistTW_change_infrasp_output"
"1117e374-150b-4524-ad0d-1f29d8c07df3","species","Animalia","Insecta","Parantica aglea","LC","2025-05-01","redlistTW_change_infrasp_output"
"e312183b-8461-4f24-abe1-484ac5a02365","species","Animalia","Insecta","Parantica sita","LC","2025-05-01","redlistTW_change_infrasp_output"
"63b6d711-ff55-4d41-9686-d7a34263b00d","species","Animalia","Insecta","Penthema formosanum","LC","2025-05-01","redlistTW_change_infrasp_output"
"e1d7d1f1-4673-43fe-892a-59ec878a034f","species","Animalia","Insecta","Phalanta phalantha","LC","2025-05-01","redlistTW_change_infrasp_output"
"f6ab92a3-fbd3-46ca-aaa3-3038a0372716","species","Animalia","Insecta","Sephisa daimio","NT","2025-05-01","redlistTW_change_infrasp_output"
"6ea3454c-4f21-4b4c-9a78-f65dab56992a","species","Animalia","Insecta","Sephisa chandra","NT","2025-05-01","redlistTW_change_infrasp_output"
"b89440b2-7f8f-460b-8b32-7a69804b9d52","species","Animalia","Insecta","Tirumala septentrionis","LC","2025-05-01","redlistTW_change_infrasp_output"
"5569abb5-1c27-4fe3-aeee-2743274662ce","species","Animalia","Insecta","Tirumala limniace","LC","2025-05-01","redlistTW_change_infrasp_output"
"c5176d6f-0e21-49ed-bacc-f3905646142f","species","Animalia","Insecta","Vanessa cardui","LC","2025-05-01","redlistTW_change_infrasp_output"
"12b2510c-6cb2-49c7-ab57-b2419b5d1c70","species","Animalia","Insecta","Vanessa indica","LC","2025-05-01","redlistTW_change_infrasp_output"
"9bc4b5da-8cfa-42eb-85ac-cff9383a958b","species","Animalia","Insecta","Ypthima akragas","NT","2025-05-01","redlistTW_change_infrasp_output"
"2e88e3c8-0421-4d1d-8e8a-ec0e57b560ef","species","Animalia","Insecta","Ypthima angustipennis","NT","2025-05-01","redlistTW_change_infrasp_output"
"31f85e95-c785-4b24-b6e1-38dec7e21459","species","Animalia","Insecta","Ypthima esakii","LC","2025-05-01","redlistTW_change_infrasp_output"
"3511a61a-90f4-4103-a673-bf727faef919","infraspecies","Animalia","Insecta","Ypthima atra taiwana","LC","2025-05-01","redlistTW_change_infrasp_output"
"3b44780f-cc95-4e98-b9c8-f0e50063aa0f","species","Animalia","Insecta","Ypthima multistriata","LC","2025-05-01","redlistTW_change_infrasp_output"
"aaaaf0b4-6939-44ba-ac2c-ad55273f03e2","species","Animalia","Insecta","Ypthima tappana","NT","2025-05-01","redlistTW_change_infrasp_output"
"ee98cd00-012f-499f-b9ac-a156d0c80d2a","species","Animalia","Insecta","Ypthima wenlungi","VU","2025-05-01","redlistTW_change_infrasp_output"
"36580a81-6f9e-499c-968f-cba10d66845f","species","Animalia","Insecta","Ypthima baldus","LC","2025-05-01","redlistTW_change_infrasp_output"
"0b35f45f-e2f2-4222-b760-ff88e24da212","species","Animalia","Insecta","Ypthima yamanakai","NT","2025-05-01","redlistTW_change_infrasp_output"
"e31ea6af-8b8e-480b-808d-816faeada373","species","Animalia","Insecta","Ypthima norma","DD","2025-05-01","redlistTW_change_infrasp_output"
"70c9937a-9538-45f6-81ff-d05c2cae65a5","species","Animalia","Insecta","Ypthima praenubila","NT","2025-05-01","redlistTW_change_infrasp_output"
"6b4b4555-9512-4f81-ad89-6014a44eb68d","species","Animalia","Insecta","Zophoessa niitakana","NT","2025-05-01","redlistTW_change_infrasp_output"
"51a9d190-003a-481d-8756-f33c805513b5","species","Animalia","Insecta","Zophoessa dura","NT","2025-05-01","redlistTW_change_infrasp_output"
"004050d0-b498-46f0-bef1-9295d87b6757","species","Animalia","Insecta","Zophoessa siderea","NT","2025-05-01","redlistTW_change_infrasp_output"
"30972df0-acf5-4626-b12c-778b7fb31046","species","Animalia","Insecta","Abrota ganga","NT","2025-05-01","redlistTW_change_infrasp_output"
"d699a161-25ff-4c6a-afe1-c37500582e9a","species","Animalia","Insecta","Telchinia issoria","NT","2025-05-01","redlistTW_change_infrasp_output"
"9122a072-3510-44e2-96b3-9afa99650ff1","species","Animalia","Insecta","Ariadne ariadne","LC","2025-05-01","redlistTW_change_infrasp_output"
"d2a89f71-aae4-463c-8e1a-f124b1de685d","species","Animalia","Insecta","Calinaga formosana","NT","2025-05-01","redlistTW_change_infrasp_output"
"d8f623a7-02d0-4e91-90ff-899f75e77597","species","Animalia","Insecta","Cyrestis thyodamas","LC","2025-05-01","redlistTW_change_infrasp_output"
"5db24025-004e-4814-90ea-52ae3966049b","species","Animalia","Insecta","Dichorragia nesimachus","NT","2025-05-01","redlistTW_change_infrasp_output"
"e6712e23-4abf-4dfc-b23f-7fcbf67275aa","species","Animalia","Insecta","Elymnias hypermnestra","LC","2025-05-01","redlistTW_change_infrasp_output"
"656fa296-a05c-4705-8f4b-404f264fd218","species","Animalia","Insecta","Hestina assimilis","LC","2025-05-01","redlistTW_change_infrasp_output"
"f22850b0-1158-4a46-946d-5a3157a41772","species","Animalia","Insecta","Idea leuconoe","LC","2025-05-01","redlistTW_change_infrasp_output"
"c3343a2a-4c61-4901-8b22-b0fa685a7208","species","Animalia","Insecta","Kallima inachus","LC","2025-05-01","redlistTW_change_infrasp_output"
"8fc3996c-6be4-46ec-b81f-8786bd3e69aa","species","Animalia","Insecta","Kaniska canace","VU","2025-05-01","redlistTW_change_infrasp_output"
"37bf8be3-9344-41d4-9dea-083b846787a8","species","Animalia","Insecta","Libythea lepita","LC","2025-05-01","redlistTW_change_infrasp_output"
"0e1f2e2a-bc86-41ee-adf8-2510d3456ca2","species","Animalia","Insecta","Limenitis sulpitia","NT","2025-05-01","redlistTW_change_infrasp_output"
"c97be378-1903-4a68-bb55-ae8c6159707e","species","Animalia","Insecta","Neope armandii","NT","2025-05-01","redlistTW_change_infrasp_output"
"8187cd2d-3ce7-4258-920a-ebcaa95165e6","species","Animalia","Insecta","Neope bremeri","NT","2025-05-01","redlistTW_change_infrasp_output"
"baf86ebb-4099-410b-8dac-2622b5266ca6","species","Animalia","Insecta","Neope pulaha","NT","2025-05-01","redlistTW_change_infrasp_output"
"9004c2b7-f57b-4435-a4fe-9a97a16b4868","species","Animalia","Insecta","Nymphalis xanthomelas","NT","2025-05-01","redlistTW_change_infrasp_output"
"2d09f10c-9ffd-4800-bbf6-acaa7af0af3c","species","Animalia","Insecta","Palaeonympha opalina","NT","2025-05-01","redlistTW_change_infrasp_output"
"4af133d7-c8d5-4ce8-a9c3-61b279dc2a55","species","Animalia","Insecta","Pantoporia hordonia","LC","2025-05-01","redlistTW_change_infrasp_output"
"bc5aece8-081d-43b7-978d-e79ff367e60d","species","Animalia","Insecta","Limenitis dudu","LC","2025-05-01","redlistTW_change_infrasp_output"
"71a2c2d0-ecd7-497d-8ee2-61cf4bdcc2ed","species","Animalia","Insecta","Polygonia c-album","NT","2025-05-01","redlistTW_change_infrasp_output"
"5d264d00-e431-46e6-90aa-bf7d69719052","species","Animalia","Insecta","Polygonia c-aureum","LC","2025-05-01","redlistTW_change_infrasp_output"
"ca83f6a0-f2ae-40ae-8ed5-d95fda615114","species","Animalia","Insecta","Charaxes eudamippus","LC","2025-05-01","redlistTW_change_infrasp_output"
"efee68c2-97d1-4ac9-be53-ff678da0f0e3","species","Animalia","Insecta","Charaxes narcaea","LC","2025-05-01","redlistTW_change_infrasp_output"
"f1495312-2c26-4deb-a61a-2423b038a90a","species","Animalia","Insecta","Sasakia charonda","EN","2025-05-01","redlistTW_change_infrasp_output"
"bff50b78-60ce-468d-a11b-42da28849a08","species","Animalia","Insecta","Stichophthalma howqua","LC","2025-05-01","redlistTW_change_infrasp_output"
"097a3f41-519e-484d-b713-7c3c9dd64e59","species","Animalia","Insecta","Symbrenthia brabira","LC","2025-05-01","redlistTW_change_infrasp_output"
"ecb7d6ae-89b7-4e25-a92b-ac7e7885a83d","species","Animalia","Insecta","Symbrenthia lilaea","LC","2025-05-01","redlistTW_change_infrasp_output"
"7c6665d0-f318-4651-8930-84c288be7155","species","Animalia","Insecta","Timelaea albescens","LC","2025-05-01","redlistTW_change_infrasp_output"
"7efff798-b2eb-4d04-a4cb-2dad68186ed1","species","Animalia","Insecta","Yoma sabina","NT","2025-05-01","redlistTW_change_infrasp_output"
"97fe67b4-8564-43ba-8703-9ad3d48ebf39","species","Animalia","Insecta","Papilio agestor","NT","2025-05-01","redlistTW_change_infrasp_output"
"12b8ecd9-a79c-427a-a193-9cef3cc980f9","species","Animalia","Insecta","Papilio epycides","VU","2025-05-01","redlistTW_change_infrasp_output"
"ec1a3b07-ce49-4665-9e01-044a63a8b749","species","Animalia","Insecta","Papilio demoleus","LC","2025-05-01","redlistTW_change_infrasp_output"
"45515f70-3880-482e-9275-eafe51425767","species","Animalia","Insecta","Papilio hermosanus","LC","2025-05-01","redlistTW_change_infrasp_output"
"22aeccd5-45a1-4d9b-9187-a30b8b269fd7","species","Animalia","Insecta","Papilio hopponis","VU","2025-05-01","redlistTW_change_infrasp_output"
"ac65ec88-e139-41e7-ae90-a49d6e431308","species","Animalia","Insecta","Papilio thaiwanus","LC","2025-05-01","redlistTW_change_infrasp_output"
"c0485e56-1ea4-4e31-9c24-712ea7a4b4db","species","Animalia","Insecta","Papilio xuthus","VU","2025-05-01","redlistTW_change_infrasp_output"
"801b6778-c1e7-47d2-8e25-4851546fd28b","species","Animalia","Insecta","Papilio maraho","NT","2025-05-01","redlistTW_change_infrasp_output"
"30731f03-eb12-45b1-bc0e-ec412ffb1300","species","Animalia","Insecta","Papilio bianor","LC","2025-05-01","redlistTW_change_infrasp_output"
"75b36ccb-6e46-48c7-9c9d-d3d1630e4ee2","species","Animalia","Insecta","Papilio castor","LC","2025-05-01","redlistTW_change_infrasp_output"
"81164c61-13e6-43c7-a4d1-16f7bcb97655","species","Animalia","Insecta","Papilio dialis","VU","2025-05-01","redlistTW_change_infrasp_output"
"36546b07-004c-42ab-b7bd-b1d9b5b97a73","species","Animalia","Insecta","Papilio helenus","LC","2025-05-01","redlistTW_change_infrasp_output"
"93e5e2c4-b205-46ed-b1a4-964d14ae2b93","species","Animalia","Insecta","Papilio machaon","CR","2025-05-01","redlistTW_change_infrasp_output"
"d5f96f04-0b11-4158-b6ea-af0f07219703","species","Animalia","Insecta","Papilio agenor","LC","2025-05-01","redlistTW_change_infrasp_output"
"dd4eaf17-0ff0-422a-8d5f-acc42f69dd94","species","Animalia","Insecta","Papilio nephelus","LC","2025-05-01","redlistTW_change_infrasp_output"
"97db0257-32c5-4e94-86ef-4f07c0b738ba","species","Animalia","Insecta","Papilio paris","LC","2025-05-01","redlistTW_change_infrasp_output"
"24c5746d-5289-4ebb-b1fa-12c90977c974","species","Animalia","Insecta","Papilio polytes","LC","2025-05-01","redlistTW_change_infrasp_output"
"243538ca-bc90-4386-953b-ab7ade7ecaf0","species","Animalia","Insecta","Papilio protenor","LC","2025-05-01","redlistTW_change_infrasp_output"
"628ac210-99d7-4c89-94ab-db5d9775d23f","species","Animalia","Insecta","Troides aeacus","LC","2025-05-01","redlistTW_change_infrasp_output"
"05cbfbcc-b83b-428d-a096-e60cec0eb6ab","species","Animalia","Insecta","Troides magellanus","VU","2025-05-01","redlistTW_change_infrasp_output"
"5226360b-eea2-4fa0-88a8-adabe05306ec","species","Animalia","Insecta","Byasa confusus","VU","2025-05-01","redlistTW_change_infrasp_output"
"9f0f79a7-e3f1-430b-abe9-15b603739e9b","species","Animalia","Insecta","Byasa impediens","LC","2025-05-01","redlistTW_change_infrasp_output"
"86bb230d-56d2-41a0-a400-237463a72e67","species","Animalia","Insecta","Byasa polyeuctes","LC","2025-05-01","redlistTW_change_infrasp_output"
"ed667299-9dd1-4887-96ba-ef64ac8ffeb9","species","Animalia","Insecta","Pachliopta aristolochiae","LC","2025-05-01","redlistTW_change_infrasp_output"
"2a5a9475-fee0-4782-b51f-2cf3c969aea5","species","Animalia","Insecta","Graphium eurous","NT","2025-05-01","redlistTW_change_infrasp_output"
"cd9d281e-cb60-466c-a54e-7a56c945a75f","species","Animalia","Insecta","Graphium agamemnon","LC","2025-05-01","redlistTW_change_infrasp_output"
"1856892d-36a6-4c5d-ad14-24938b8d394c","species","Animalia","Insecta","Graphium cloanthus","NT","2025-05-01","redlistTW_change_infrasp_output"
"3348cc80-e43d-450b-8583-fae99d830250","species","Animalia","Insecta","Graphium doson","LC","2025-05-01","redlistTW_change_infrasp_output"
"fc4990b4-2f37-409c-8b00-c8bced0e28f5","species","Animalia","Insecta","Graphium sarpedon","LC","2025-05-01","redlistTW_change_infrasp_output"
"9d11a5ac-1fbe-49d6-85df-2ffc68a9ecb0","species","Animalia","Insecta","Catopsilia pomona","LC","2025-05-01","redlistTW_change_infrasp_output"
"59e617d9-4a89-4d5a-af35-6047d8ba3869","species","Animalia","Insecta","Catopsilia pyranthe","LC","2025-05-01","redlistTW_change_infrasp_output"
"fdeadcc0-bc3c-4374-a0ee-9233b918d124","species","Animalia","Insecta","Eurema hecabe","LC","2025-05-01","redlistTW_change_infrasp_output"
"55d5434c-7d35-4c67-958e-b77b508e27fd","species","Animalia","Insecta","Eurema mandarina","LC","2025-05-01","redlistTW_change_infrasp_output"
"dd54fd40-97cb-432a-b207-0efcb1502644","species","Animalia","Insecta","Eurema alitha","LC","2025-05-01","redlistTW_change_infrasp_output"
"52f2ccb4-d073-4a86-aff3-20e3b1e559cb","species","Animalia","Insecta","Eurema andersoni","LC","2025-05-01","redlistTW_change_infrasp_output"
"1bb1c8a2-c67f-4793-b97c-9e1b1d6b7e24","species","Animalia","Insecta","Eurema blanda","LC","2025-05-01","redlistTW_change_infrasp_output"
"3febc5dc-ffc2-4ae5-bfb3-8cb38891ec65","species","Animalia","Insecta","Eurema laeta","EN","2025-05-01","redlistTW_change_infrasp_output"
"485a6957-1588-485f-b00a-3f7ed8d7187e","species","Animalia","Insecta","Gonepteryx taiwana","NT","2025-05-01","redlistTW_change_infrasp_output"
"e688b79c-b2eb-472b-93ae-913d633c1058","species","Animalia","Insecta","Gonepteryx amintha","LC","2025-05-01","redlistTW_change_infrasp_output"
"c7637bf7-3f76-4e3a-a902-d9e16c1befff","species","Animalia","Insecta","Pieris canidia","LC","2025-05-01","redlistTW_change_infrasp_output"
"deed27c1-9248-45a2-9d4e-1efbfc7a5949","species","Animalia","Insecta","Pieris rapae","LC","2025-05-01","redlistTW_change_infrasp_output"
"0f57c2c9-c37d-4039-ac7a-cc6f793fb0a0","species","Animalia","Insecta","Prioneris thestylis","NT","2025-05-01","redlistTW_change_infrasp_output"
"80d5dfa5-8441-4053-93fa-856be7eee296","species","Animalia","Insecta","Aporia genestieri","NT","2025-05-01","redlistTW_change_infrasp_output"
"4d5be61d-2ce5-4a35-9d92-b25525217f66","species","Animalia","Insecta","Appias albina","LC","2025-05-01","redlistTW_change_infrasp_output"
"32dead53-7f68-43f9-9aa5-1db1f812f45e","species","Animalia","Insecta","Appias indra","LC","2025-05-01","redlistTW_change_infrasp_output"
"2113d99f-b67c-4295-bec3-399fdd3997eb","species","Animalia","Insecta","Appias lyncida","LC","2025-05-01","redlistTW_change_infrasp_output"
"e873baf2-91f8-45bc-9235-9c099a5569b9","species","Animalia","Insecta","Cepora nadina","LC","2025-05-01","redlistTW_change_infrasp_output"
"f875ecc1-9c23-474d-bd5a-20280abad451","species","Animalia","Insecta","Cepora nerissa","NT","2025-05-01","redlistTW_change_infrasp_output"
"4f14f4c8-4902-421b-8cd3-07020e77b7ae","species","Animalia","Insecta","Colias erate","NT","2025-05-01","redlistTW_change_infrasp_output"
"450e9ac9-3da3-489c-852c-1457394a023d","species","Animalia","Insecta","Delias berinda","NT","2025-05-01","redlistTW_change_infrasp_output"
"f4284aa4-522f-4cad-a362-4e62651e8907","species","Animalia","Insecta","Delias hyparete","NT","2025-05-01","redlistTW_change_infrasp_output"
"edd72544-165a-4622-b516-6e4cb9567ae0","species","Animalia","Insecta","Delias lativitta","NT","2025-05-01","redlistTW_change_infrasp_output"
"577db45a-0cc0-4fd7-b024-7f0edd025a6d","species","Animalia","Insecta","Delias pasithoe","LC","2025-05-01","redlistTW_change_infrasp_output"
"a19e3ce9-e3b9-4b9a-9f9a-b4a3d68027b9","species","Animalia","Insecta","Hebomoia glaucippe","LC","2025-05-01","redlistTW_change_infrasp_output"
"d1534ca5-254c-44ea-9011-81ca0ad9257c","species","Animalia","Insecta","Ixias pyrene","NT","2025-05-01","redlistTW_change_infrasp_output"
"63cdadae-bf53-4218-a91b-bb35cd486ea4","species","Animalia","Insecta","Leptosia nina","LC","2025-05-01","redlistTW_change_infrasp_output"
"40bcf15c-3210-42a9-b935-5a684f990660","species","Animalia","Insecta","Talbotia naganum","NT","2025-05-01","redlistTW_change_infrasp_output"
"7f91d3b5-a9ee-429a-b656-29be3c9b41cc","infraspecies","Animalia","Insecta","Aeromachus inachus formosana","NT","2025-05-01","redlistTW_change_infrasp_output"
"e345a741-125f-428c-b242-b919045bff8f","infraspecies","Animalia","Insecta","Celaenorrhinus maculosus taiwanus","NT","2025-05-01","redlistTW_change_infrasp_output"
"f27317ce-9c39-4067-8539-6ed31b0a70bf","infraspecies","Animalia","Insecta","Celaenorrhinus pulomaya formosanus","NT","2025-05-01","redlistTW_change_infrasp_output"
"7e52115b-7413-485b-8297-db0b98e046b0","infraspecies","Animalia","Insecta","Hasora anura taiwana","NT","2025-05-01","redlistTW_change_infrasp_output"
"e8097c0c-3ed5-4fe3-8b38-3f967d6b3cfe","infraspecies","Animalia","Insecta","Hasora taminatus vairacana","LC","2025-05-01","redlistTW_change_infrasp_output"
"95c2f9df-cfb9-4b5a-8fe7-7255759f0f0e","infraspecies","Animalia","Insecta","Notocrypta feisthamelii arisana","NT","2025-05-01","redlistTW_change_infrasp_output"
"fe58bcf1-63c3-496c-a148-48e41e2712a0","infraspecies","Animalia","Insecta","Ochlodes bouddha yuchingkinus","NT","2025-05-01","redlistTW_change_infrasp_output"
"cccd281a-0f4c-4397-b52c-88d217e907bc","infraspecies","Animalia","Insecta","Pelopidas mathias oberthueri","NT","2025-05-01","redlistTW_change_infrasp_output"
"5968a628-ac88-4985-89c5-28fe70aa93af","infraspecies","Animalia","Insecta","Zenonoida eltola tappana","NT","2025-05-01","redlistTW_change_infrasp_output"
"78a9d9a3-a762-43b6-97f5-0c13e5a54980","infraspecies","Animalia","Insecta","Polytremis lubricans kuyaniana","LC","2025-05-01","redlistTW_change_infrasp_output"
"0be32ce8-6f81-4890-80a3-ba946061d101","infraspecies","Animalia","Insecta","Zinaida zina asahinai","NT","2025-05-01","redlistTW_change_infrasp_output"
"b10deec4-ce6f-4671-bab0-40d2fe035ce3","infraspecies","Animalia","Insecta","Potanthus confucius angustatus","LC","2025-05-01","redlistTW_change_infrasp_output"
"3f9a8739-9ce4-4972-975d-3b75815eb0ee","infraspecies","Animalia","Insecta","Tagiades trebellius martinus","NT","2025-05-01","redlistTW_change_infrasp_output"
"f8133d28-3228-4b6d-842f-bff3b6d1f70f","infraspecies","Animalia","Insecta","Abraximorpha davidii ermasis","NT","2025-05-01","redlistTW_change_infrasp_output"
"00525e32-3b86-4b8e-9648-ed628a116bc2","infraspecies","Animalia","Insecta","Ampittia dioscorides etura","NT","2025-05-01","redlistTW_change_infrasp_output"
"95be6ae2-b729-40a1-a840-959b69f47430","infraspecies","Animalia","Insecta","Ampittia virgata myakei","LC","2025-05-01","redlistTW_change_infrasp_output"
"ce99d91c-9f51-4240-acdb-55a755f390ba","infraspecies","Animalia","Insecta","Burara jaina formosana","LC","2025-05-01","redlistTW_change_infrasp_output"
"c2a468e5-50ec-484d-8de9-e344da289b00","infraspecies","Animalia","Insecta","Caltoris bromus yanuca","NT","2025-05-01","redlistTW_change_infrasp_output"
"0ff5bdfe-fd5b-4641-ad32-cbc12f7d3d24","infraspecies","Animalia","Insecta","Choaspes benjaminii formosana","NT","2025-05-01","redlistTW_change_infrasp_output"
"17d8f10d-0f4a-46e4-aa28-4f980c89f3fe","infraspecies","Animalia","Insecta","Choaspes xanthopogon chrysopterus","NT","2025-05-01","redlistTW_change_infrasp_output"
"7921b123-2ac3-4594-bc33-93f9803372aa","infraspecies","Animalia","Insecta","Isoteinon lamprospilus formosanus","LC","2025-05-01","redlistTW_change_infrasp_output"
"d69a67e5-0b23-499e-a7ec-549ec116e057","infraspecies","Animalia","Insecta","Lobocla bifasciata kodairai","NT","2025-05-01","redlistTW_change_infrasp_output"
"1e1afc18-50e7-4759-8020-d40871440b38","infraspecies","Animalia","Insecta","Onryza maga takeuchii","NT","2025-05-01","redlistTW_change_infrasp_output"
"060159fa-66d1-4fc9-bf87-ff1b8925a539","infraspecies","Animalia","Insecta","Telicota bambusae horisha","LC","2025-05-01","redlistTW_change_infrasp_output"
"b22b333e-efd0-4afe-8d41-132073f02be7","infraspecies","Animalia","Insecta","Telicota colon hayashikeii","NT","2025-05-01","redlistTW_change_infrasp_output"
"459464df-f1e3-4eac-8634-4fde797c6f3b","infraspecies","Animalia","Insecta","Telicota ohara formosana","LC","2025-05-01","redlistTW_change_infrasp_output"
"0a739688-f1cd-4485-83c1-a36f3f0225f4","infraspecies","Animalia","Insecta","Antigius attilia obsoleta","VU","2025-05-01","redlistTW_change_infrasp_output"
"a1bb892b-4a4e-465f-a3a7-40a15172c511","infraspecies","Animalia","Insecta","Arhopala bazalus turbata","LC","2025-05-01","redlistTW_change_infrasp_output"
"22833f18-40f5-40b6-be4d-e9dac91a65e8","infraspecies","Animalia","Insecta","Arhopala birmana asakurae","LC","2025-05-01","redlistTW_change_infrasp_output"
"c7b50ece-5d8d-4c6e-b158-c601012a2513","infraspecies","Animalia","Insecta","Arhopala ganesa formosana","NT","2025-05-01","redlistTW_change_infrasp_output"
"2344b18c-f7a3-4ec2-ab6b-927fa1ad4dc2","infraspecies","Animalia","Insecta","Arhopala paramuta horishana","NT","2025-05-01","redlistTW_change_infrasp_output"
"9f725f60-dbbf-4efb-9e16-04c73031fd9c","infraspecies","Animalia","Insecta","Chrysozephyrus disparatus pseudotaiwanus","NT","2025-05-01","redlistTW_change_infrasp_output"
"5cc1f831-86d8-41a6-8ecc-496be801e924","infraspecies","Animalia","Insecta","Chrysozephyrus kabrua niitakanus","NT","2025-05-01","redlistTW_change_infrasp_output"
"4b64637c-db15-4ad2-85c4-f400fdfe45f5","infraspecies","Animalia","Insecta","Curetis acuta formosana","LC","2025-05-01","redlistTW_change_infrasp_output"
"eaaf1e6a-69af-4193-b265-9224eb0a5a8a","infraspecies","Animalia","Insecta","Deudorix epijarbas menesicles","LC","2025-05-01","redlistTW_change_infrasp_output"
"b61ec584-164f-47b8-8b67-c948c3a373ca","infraspecies","Animalia","Insecta","Euaspa milionia formosana","NT","2025-05-01","redlistTW_change_infrasp_output"
"fc1ee0f4-ca0c-4a55-8a18-2286abd49270","infraspecies","Animalia","Insecta","Horaga albimacula triumphalis","LC","2025-05-01","redlistTW_change_infrasp_output"
"2156944c-b09e-4622-a0c4-2a99be926f05","infraspecies","Animalia","Insecta","Horaga onyx moltrechti","NT","2025-05-01","redlistTW_change_infrasp_output"
"2041d825-8649-46b3-a5bc-71a086d4f167","infraspecies","Animalia","Insecta","Hypolycaena kina inari","VU","2025-05-01","redlistTW_change_infrasp_output"
"a8266c32-cde2-40db-8b4e-3472972f6880","infraspecies","Animalia","Insecta","Jamides alecto dromicus","LC","2025-05-01","redlistTW_change_infrasp_output"
"4eded84e-51b6-466f-96ac-157033d86ff5","infraspecies","Animalia","Insecta","Jamides bochus formosanus","LC","2025-05-01","redlistTW_change_infrasp_output"
"8dcd1a5b-342c-438c-befd-bd3a2fb9550e","infraspecies","Animalia","Insecta","Phengaris atroguttata formosana","NT","2025-05-01","redlistTW_change_infrasp_output"
"4d5aa3de-c542-40ab-83e3-2162695c8cc7","infraspecies","Animalia","Insecta","Rapala caerulea liliacea","NT","2025-05-01","redlistTW_change_infrasp_output"
"2cc9bf0c-ffab-413a-a8b8-827535948fef","infraspecies","Animalia","Insecta","Rapala nissa hirayamana","NT","2025-05-01","redlistTW_change_infrasp_output"
"4bb299f7-7208-4a76-8b0e-552ee614f71c","infraspecies","Animalia","Insecta","Rapala varuna formosana","LC","2025-05-01","redlistTW_change_infrasp_output"
"b86f77f0-6d65-4fca-8e17-fdf215584bef","infraspecies","Animalia","Insecta","Satyrium eximium mushanum","NT","2025-05-01","redlistTW_change_infrasp_output"
"efcc26f7-d603-42b4-9317-4470e7c818f8","infraspecies","Animalia","Insecta","Spindasis lohita formosanus","LC","2025-05-01","redlistTW_change_infrasp_output"
"f37cbe10-29bc-4a94-b096-197e47900c4a","infraspecies","Animalia","Insecta","Tajuria diaeus karenkonis","NT","2025-05-01","redlistTW_change_infrasp_output"
"63bd8a67-5c6b-43a9-85fd-b181eac2ff8c","infraspecies","Animalia","Insecta","Tajuria illurgis tattaka","NT","2025-05-01","redlistTW_change_infrasp_output"
"a3c5f2eb-8aa2-41b9-a9f1-f38f809db1fe","infraspecies","Animalia","Insecta","Tongeia filicaudis mushanus","NT","2025-05-01","redlistTW_change_infrasp_output"
"b860ca9a-7661-4df7-ba69-791ab848e66c","infraspecies","Animalia","Insecta","Zizeeria maha okinawana","LC","2025-05-01","redlistTW_change_infrasp_output"
"8be691cd-8749-48d5-9d07-829681a89f74","infraspecies","Animalia","Insecta","Zizina otis riukuensis","LC","2025-05-01","redlistTW_change_infrasp_output"
"ddade9c0-73c8-453a-89cd-91586f065e06","infraspecies","Animalia","Insecta","Abisara burnii etymander","NT","2025-05-01","redlistTW_change_infrasp_output"
"1ff9ec72-8ba4-4fb1-a5be-82b21bcf51d9","infraspecies","Animalia","Insecta","Acytolepis puspa myla","LC","2025-05-01","redlistTW_change_infrasp_output"
"d54d29fa-8550-4371-b410-f3bdb79fc6e2","infraspecies","Animalia","Insecta","Amblopala avidiena y-fasciatus","NT","2025-05-01","redlistTW_change_infrasp_output"
"9406ad35-b0d1-4e78-bcc7-56c141965586","infraspecies","Animalia","Insecta","Ancema ctesia cakravasti","NT","2025-05-01","redlistTW_change_infrasp_output"
"423edf5d-4772-47a4-9ef4-71d9fd0ab302","infraspecies","Animalia","Insecta","Araragi enthea morisonensis","NT","2025-05-01","redlistTW_change_infrasp_output"
"a174a311-38c8-4f41-b555-64a84fadd077","infraspecies","Animalia","Insecta","Artipe eryx horiella","NT","2025-05-01","redlistTW_change_infrasp_output"
"2c26fd5a-2620-44b4-b5a4-ddbfc5bcf1e2","infraspecies","Animalia","Insecta","Callenya melaena shonen","NT","2025-05-01","redlistTW_change_infrasp_output"
"d680535b-0add-46b9-938d-03a20b232f7e","infraspecies","Animalia","Insecta","Catapaecilma major moltrechti","NT","2025-05-01","redlistTW_change_infrasp_output"
"cca23524-71e2-474c-8309-ce76d3d4dbe1","infraspecies","Animalia","Insecta","Catochrysops panormus exiguus","LC","2025-05-01","redlistTW_change_infrasp_output"
"5cca0b95-cc94-43ef-b56e-ee3f3b3b4ccb","infraspecies","Animalia","Insecta","Celastrina argiolus caphis","DD","2025-05-01","redlistTW_change_infrasp_output"
"e803c162-718c-4a94-92cd-941ab81580be","infraspecies","Animalia","Insecta","Celastrina lavendularis himilcon","LC","2025-05-01","redlistTW_change_infrasp_output"
"3e991d59-ad34-4315-8a18-7730f9fc9f51","infraspecies","Animalia","Insecta","Celastrina oreas arisana","NT","2025-05-01","redlistTW_change_infrasp_output"
"8d2ef7c7-552b-40c0-b586-231eb8bf430d","infraspecies","Animalia","Insecta","Celastrina sugitanii shirozui","NT","2025-05-01","redlistTW_change_infrasp_output"
"6a7c97c6-b7e5-4e35-bc11-7a90501ba0ce","infraspecies","Animalia","Insecta","Chilades pandava peripatria","LC","2025-05-01","redlistTW_change_infrasp_output"
"859040e1-ed0b-402b-9ad4-fb3365e20b3a","infraspecies","Animalia","Insecta","Cordelia comes wilemaniella","NT","2025-05-01","redlistTW_change_infrasp_output"
"be517edf-2c74-47a7-95c5-9e76cff9d544","infraspecies","Animalia","Insecta","Everes lacturnus rileyi","EN","2025-05-01","redlistTW_change_infrasp_output"
"355cdc6f-fff6-4bbd-b136-8996e24d4847","infraspecies","Animalia","Insecta","Freyeria putli formosanus","NT","2025-05-01","redlistTW_change_infrasp_output"
"916a3ca5-eb96-4d23-9d83-2d456345aaa9","infraspecies","Animalia","Insecta","Heliophorus ila matsumurae","LC","2025-05-01","redlistTW_change_infrasp_output"
"4cba83f4-1861-4369-8c41-6df60772e1a7","infraspecies","Animalia","Insecta","Iratsume orsedice suzukii","VU","2025-05-01","redlistTW_change_infrasp_output"
"82b2311b-742d-45c1-b5a8-200cd0d364fa","infraspecies","Animalia","Insecta","Megisba malaya sikkima","LC","2025-05-01","redlistTW_change_infrasp_output"
"69f43c68-c5a7-4c68-8304-2c1e21dbfdce","infraspecies","Animalia","Insecta","Nacaduba beroe asakusa","NT","2025-05-01","redlistTW_change_infrasp_output"
"e2dbefbd-090b-437e-901e-3ddde84c88fa","infraspecies","Animalia","Insecta","Nacaduba kurava therasia","LC","2025-05-01","redlistTW_change_infrasp_output"
"131e3db8-c99a-4dd6-bf3e-4af2a41747f9","infraspecies","Animalia","Insecta","Nacaduba pactolus hainani","DD","2025-05-01","redlistTW_change_infrasp_output"
"0b4fa9a4-303d-4bfd-909d-997bc235aacf","infraspecies","Animalia","Insecta","Pithecops corvus cornix","NT","2025-05-01","redlistTW_change_infrasp_output"
"4e6a9a79-8a8b-4d0b-a6d8-9eb1373d78c3","infraspecies","Animalia","Insecta","Pithecops fulgens urai","NT","2025-05-01","redlistTW_change_infrasp_output"
"beb325f2-ece4-4ded-99bc-fa39067e00b5","infraspecies","Animalia","Insecta","Prosotas dubiosa asbolodes","LC","2025-05-01","redlistTW_change_infrasp_output"
"813d2090-92df-4b1c-ab39-f91b91836e87","infraspecies","Animalia","Insecta","Prosotas nora formosana","LC","2025-05-01","redlistTW_change_infrasp_output"
"8c61743e-600d-42d1-b4e3-9ad1f9458833","infraspecies","Animalia","Insecta","Sinthusa chandrana kuyaniana","LC","2025-05-01","redlistTW_change_infrasp_output"
"87d9d4d7-586f-4bf3-9761-753ae49c3adc","infraspecies","Animalia","Insecta","Spalgis epeus dilama","NT","2025-05-01","redlistTW_change_infrasp_output"
"1c59f5e1-0272-4223-89eb-dbf86d5d07f7","infraspecies","Animalia","Insecta","Taraka hamada thalaba","LC","2025-05-01","redlistTW_change_infrasp_output"
"28cf60ea-6446-4b11-b157-2f539495a36d","infraspecies","Animalia","Insecta","Ussuriana michaelis takarana","NT","2025-05-01","redlistTW_change_infrasp_output"
"88fd914a-ae63-45aa-a376-de6c6680f02a","infraspecies","Animalia","Insecta","Argynnis paphia formosicola","NT","2025-05-01","redlistTW_change_infrasp_output"
"732308f8-9e4c-4560-9206-1fe49cbc122c","infraspecies","Animalia","Insecta","Limenitis asura baelia","NT","2025-05-01","redlistTW_change_infrasp_output"
"f55a1cce-db92-43da-85f9-f825b7c6dae7","infraspecies","Animalia","Insecta","Limenitis fortuna kodahirai","NT","2025-05-01","redlistTW_change_infrasp_output"
"b311fd69-095a-46c6-b748-d570962711e5","infraspecies","Animalia","Insecta","Athyma opalina hirayamai","NT","2025-05-01","redlistTW_change_infrasp_output"
"ffea48d4-fc44-4a46-8e81-a5899d23790e","infraspecies","Animalia","Insecta","Athyma selenophora laela","LC","2025-05-01","redlistTW_change_infrasp_output"
"08c9c487-0c69-49e7-812e-4a53bd1123b5","infraspecies","Animalia","Insecta","Chitoria ulupi arakii","NT","2025-05-01","redlistTW_change_infrasp_output"
"8461d5ab-db9d-401f-9414-95190755af19","infraspecies","Animalia","Insecta","Euploea eunice hobsoni","LC","2025-05-01","redlistTW_change_infrasp_output"
"a7ea5386-c7b6-4eb2-8fda-413ea1524ba8","infraspecies","Animalia","Insecta","Euploea mulciber barsine","LC","2025-05-01","redlistTW_change_infrasp_output"
"4af068b5-a83b-4c4e-9d40-e8d4bd6283a1","infraspecies","Animalia","Insecta","Euploea sylvester swinhoei","LC","2025-05-01","redlistTW_change_infrasp_output"
"4dedfa42-473e-477b-b6b7-79b306229928","infraspecies","Animalia","Insecta","Euploea tulliolus koxinga","LC","2025-05-01","redlistTW_change_infrasp_output"
"78546272-b591-4d1e-a59f-6382744a308e","infraspecies","Animalia","Insecta","Euthalia irrubescens fulguralis","NT","2025-05-01","redlistTW_change_infrasp_output"
"b8b75a45-ae90-4885-a4d1-02e239fb2b66","infraspecies","Animalia","Insecta","Helcyra superba takamukui","NT","2025-05-01","redlistTW_change_infrasp_output"
"dd8588b4-a4d7-433a-825c-e4b32bca3124","infraspecies","Animalia","Insecta","Hypolimnas bolina kezia","LC","2025-05-01","redlistTW_change_infrasp_output"
"ec14007f-b6e6-4a1f-a79f-90d5eed23809","infraspecies","Animalia","Insecta","Junonia lemonias aenaria","LC","2025-05-01","redlistTW_change_infrasp_output"
"8c9be996-13f8-43a9-aa0d-db24c392fb8e","infraspecies","Animalia","Insecta","Lethe butleri periscelis","NT","2025-05-01","redlistTW_change_infrasp_output"
"492b829b-1e2a-4741-8d80-e81b94088117","infraspecies","Animalia","Insecta","Lethe chandica ratnacri","LC","2025-05-01","redlistTW_change_infrasp_output"
"e8d28cb2-f26b-424f-b564-515bc39ebc82","infraspecies","Animalia","Insecta","Lethe christophi hanako","NT","2025-05-01","redlistTW_change_infrasp_output"
"cf586905-06e3-44cd-930c-ae50e0d0f602","infraspecies","Animalia","Insecta","Lethe europa pavida","NT","2025-05-01","redlistTW_change_infrasp_output"
"d814e87c-6825-4baa-9b0e-85d06baa157b","infraspecies","Animalia","Insecta","Lethe gemina zaitha","NT","2025-05-01","redlistTW_change_infrasp_output"
"2e02c692-9597-4cee-ba56-78d0ddaf651a","infraspecies","Animalia","Insecta","Lethe hyrania formosana","NT","2025-05-01","redlistTW_change_infrasp_output"
"a3b11003-c453-4340-969c-0e2966b9039c","infraspecies","Animalia","Insecta","Lethe rohria daemoniaca","EN","2025-05-01","redlistTW_change_infrasp_output"
"a2218f9e-1975-44a1-ba05-c61a5d102194","infraspecies","Animalia","Insecta","Lethe verma cintamani","NT","2025-05-01","redlistTW_change_infrasp_output"
"40e49bae-3e95-49f7-b63b-e6a2d22ed09c","infraspecies","Animalia","Insecta","Melanitis phedima polishana","LC","2025-05-01","redlistTW_change_infrasp_output"
"a9366948-89cd-4d33-998b-c261b0d741a1","infraspecies","Animalia","Insecta","Mycalesis francisca formosana","LC","2025-05-01","redlistTW_change_infrasp_output"
"220e2baa-cccf-4533-90f6-620666b5dc72","infraspecies","Animalia","Insecta","Mycalesis gotama nanda","VU","2025-05-01","redlistTW_change_infrasp_output"
"b3b08448-6696-434c-9f7f-100e4f0eb1dc","infraspecies","Animalia","Insecta","Mycalesis perseus blasius","NT","2025-05-01","redlistTW_change_infrasp_output"
"4a03416d-b6fd-4388-a469-c377a7982105","species","Animalia","Insecta","Telinga mara","LC","2025-05-01","redlistTW_change_infrasp_output"
"f1ccd5cd-f0c8-411d-b2d8-8c0252d19811","species","Animalia","Insecta","Mycalesis kagina","NT","2025-05-01","redlistTW_change_infrasp_output"
"5e6095b6-30d7-40a0-b9d5-f13f8fdcb244","infraspecies","Animalia","Insecta","Neptis hylas luculenta","LC","2025-05-01","redlistTW_change_infrasp_output"
"a39a6729-7d86-4813-9b56-4ad5c063b566","infraspecies","Animalia","Insecta","Neptis ilos nirei","NT","2025-05-01","redlistTW_change_infrasp_output"
"11c07c2d-e3bb-4f2b-b646-1556c5256fe0","infraspecies","Animalia","Insecta","Neptis nata lutatia","LC","2025-05-01","redlistTW_change_infrasp_output"
"189279c0-a643-4ae7-882c-477c6596cad2","infraspecies","Animalia","Insecta","Neptis noyala ikedai","NT","2025-05-01","redlistTW_change_infrasp_output"
"9f1850ce-81cd-45f5-a573-c6fc61003d62","infraspecies","Animalia","Insecta","Neptis philyra splendens","NT","2025-05-01","redlistTW_change_infrasp_output"
"23f00930-5338-49f9-b4d0-56d5ae2a553e","infraspecies","Animalia","Insecta","Neptis philyroides sonani","NT","2025-05-01","redlistTW_change_infrasp_output"
"2b997004-31ab-4a10-a6c3-1747d85641eb","infraspecies","Animalia","Insecta","Neptis pryeri jucundita","NT","2025-05-01","redlistTW_change_infrasp_output"
"d5e7cc75-7d00-466e-aae4-7560bc0fa0c5","infraspecies","Animalia","Insecta","Neptis sankara shirakiana","NT","2025-05-01","redlistTW_change_infrasp_output"
"53ba1283-f817-4a1b-8de1-71ee3b2ed499","infraspecies","Animalia","Insecta","Neptis sappho formosana","LC","2025-05-01","redlistTW_change_infrasp_output"
"16f8bbb4-338c-4495-8a1b-81d6d394c50b","infraspecies","Animalia","Insecta","Neptis soma tayalina","LC","2025-05-01","redlistTW_change_infrasp_output"
"6b758f1b-7e4a-4529-b30c-a9c860d65f75","infraspecies","Animalia","Insecta","Neptis sylvana esakii","NT","2025-05-01","redlistTW_change_infrasp_output"
"0062a415-4e8b-4ba2-a705-c7219a00dc7b","infraspecies","Animalia","Insecta","Parantica aglea maghaba","LC","2025-05-01","redlistTW_change_infrasp_output"
"a24263f9-95dd-4284-9a73-dbb194c276d6","infraspecies","Animalia","Insecta","Parantica sita niphonica","LC","2025-05-01","redlistTW_change_infrasp_output"
"8e59e0f1-9bb4-44a0-bfba-e9659779149f","infraspecies","Animalia","Insecta","Sephisa chandra androdamas","NT","2025-05-01","redlistTW_change_infrasp_output"
"849c4aeb-4fa8-44f5-9db3-b77d98fe5c7b","infraspecies","Animalia","Insecta","Tirumala limniace limniace","LC","2025-05-01","redlistTW_change_infrasp_output"
"74453ffa-37d5-444b-b91f-cd9374d62832","infraspecies","Animalia","Insecta","Ypthima baldus zodina","LC","2025-05-01","redlistTW_change_infrasp_output"
"a4e6331f-e9c1-4343-8d01-932a28946a76","infraspecies","Animalia","Insecta","Ypthima norma posticalis","DD","2025-05-01","redlistTW_change_infrasp_output"
"ae7a54c0-09f0-4397-a43d-9501510a650f","infraspecies","Animalia","Insecta","Ypthima praenubila kanonis","NT","2025-05-01","redlistTW_change_infrasp_output"
"ec447f01-e811-40cd-acd8-64623ab20e21","infraspecies","Animalia","Insecta","Ypthima praenubila neobilia","NT","2025-05-01","redlistTW_change_infrasp_output"
"5b94626c-1b06-4b53-b28a-edfa533c04ff","infraspecies","Animalia","Insecta","Zophoessa dura neoclides","NT","2025-05-01","redlistTW_change_infrasp_output"
"5d7aa0ef-b23a-4553-b9a7-75b385d62e0e","infraspecies","Animalia","Insecta","Zophoessa siderea kanoi","NT","2025-05-01","redlistTW_change_infrasp_output"
"1aceedf7-58c2-4bcc-9320-ec623c33671f","infraspecies","Animalia","Insecta","Abrota ganga formosana","NT","2025-05-01","redlistTW_change_infrasp_output"
"eb319101-9c66-4679-8bfe-3f07bb46b8c1","infraspecies","Animalia","Insecta","Telchinia issoria formosana","NT","2025-05-01","redlistTW_change_infrasp_output"
"45aea6e4-77e3-4dca-9c3d-abbeac3c5750","infraspecies","Animalia","Insecta","Ariadne ariadne pallidior","LC","2025-05-01","redlistTW_change_infrasp_output"
"060cc7c0-4f45-47ee-a0e7-3ac61d346a82","infraspecies","Animalia","Insecta","Cyrestis thyodamas formosana","LC","2025-05-01","redlistTW_change_infrasp_output"
"c1bc5a10-791f-4800-b449-ed1e0b2b8f7a","infraspecies","Animalia","Insecta","Dichorragia nesimachus formosanus","NT","2025-05-01","redlistTW_change_infrasp_output"
"af7832e2-6dd4-4e90-9418-a412cb6c96c4","infraspecies","Animalia","Insecta","Elymnias hypermnestra hainana","LC","2025-05-01","redlistTW_change_infrasp_output"
"0eeec9ff-1ece-479f-9e75-f0b2eef666d4","infraspecies","Animalia","Insecta","Hestina assimilis formosana","LC","2025-05-01","redlistTW_change_infrasp_output"
"db29cd92-9ae7-41d7-81b8-73200243ae69","infraspecies","Animalia","Insecta","Idea leuconoe clara","LC","2025-05-01","redlistTW_change_infrasp_output"
"0b3d229b-ba4c-49f7-8e00-7384bb904d82","infraspecies","Animalia","Insecta","Kallima inachus formosana","LC","2025-05-01","redlistTW_change_infrasp_output"
"50dc1c42-f585-4de7-a72f-14bea37fe42e","infraspecies","Animalia","Insecta","Kaniska canace drilon","VU","2025-05-01","redlistTW_change_infrasp_output"
"9c5460e9-248f-4f8d-92cd-ac61c38636d1","infraspecies","Animalia","Insecta","Libythea lepita formosana","LC","2025-05-01","redlistTW_change_infrasp_output"
"0bf5311c-8e88-477e-b02e-24450442ecc9","infraspecies","Animalia","Insecta","Limenitis sulpitia tricula","NT","2025-05-01","redlistTW_change_infrasp_output"
"9ca018a2-4038-460c-89f9-16b7a2d6d896","infraspecies","Animalia","Insecta","Neope armandii lacticolora","NT","2025-05-01","redlistTW_change_infrasp_output"
"bb5744f2-768c-45a7-995b-aee98095e875","infraspecies","Animalia","Insecta","Neope bremeri watanabei","NT","2025-05-01","redlistTW_change_infrasp_output"
"d3752ce7-dd88-4ed9-a64a-16093437fd4d","infraspecies","Animalia","Insecta","Neope pulaha didia","NT","2025-05-01","redlistTW_change_infrasp_output"
"3d74436d-204f-451e-877d-2e3f6bb7ea01","infraspecies","Animalia","Insecta","Nymphalis xanthomelas formosana","NT","2025-05-01","redlistTW_change_infrasp_output"
"0ab04c1f-e425-4943-8cf6-217daa862452","infraspecies","Animalia","Insecta","Palaeonympha opalina macrophthalmia","NT","2025-05-01","redlistTW_change_infrasp_output"
"98b97cbe-07f9-4ecb-b561-f486c2d9c9bd","infraspecies","Animalia","Insecta","Pantoporia hordonia rihodona","LC","2025-05-01","redlistTW_change_infrasp_output"
"f8f3df7d-4451-4c32-a1b0-3f32c5ba281f","infraspecies","Animalia","Insecta","Limenitis dudu jinamitra","LC","2025-05-01","redlistTW_change_infrasp_output"
"347bdaf5-9397-43d6-8424-56e8daf266d6","infraspecies","Animalia","Insecta","Polygonia c-album asakurai","NT","2025-05-01","redlistTW_change_infrasp_output"
"b1474e55-cc6f-4fb1-8d00-eec7bfc7a40f","infraspecies","Animalia","Insecta","Polygonia c-aureum lunulata","LC","2025-05-01","redlistTW_change_infrasp_output"
"9d187a31-9234-40d1-b0cc-4d586d189f5d","infraspecies","Animalia","Insecta","Charaxes narcaea meghaduta","LC","2025-05-01","redlistTW_change_infrasp_output"
"d7bc3d04-5be2-44a8-834a-cf5e5d566747","infraspecies","Animalia","Insecta","Sasakia charonda formosana","EN","2025-05-01","redlistTW_change_infrasp_output"
"4ea18293-871a-4df2-9422-1fd64bd83353","infraspecies","Animalia","Insecta","Stichophthalma howqua formosana","LC","2025-05-01","redlistTW_change_infrasp_output"
"79165272-b3f9-48a1-80e3-c64598c68062","infraspecies","Animalia","Insecta","Symbrenthia brabira scatinia","LC","2025-05-01","redlistTW_change_infrasp_output"
"da2f7568-b4dc-4f1c-b9c0-40b786d28f1d","infraspecies","Animalia","Insecta","Symbrenthia lilaea formosanus","LC","2025-05-01","redlistTW_change_infrasp_output"
"ee8a60d6-705c-4559-b2ce-f6ffa4280ae4","infraspecies","Animalia","Insecta","Symbrenthia lilaea lunica","LC","2025-05-01","redlistTW_change_infrasp_output"
"a5c16a71-377e-4d4a-8e5f-0955c77f257c","infraspecies","Animalia","Insecta","Timelaea albescens formosana","LC","2025-05-01","redlistTW_change_infrasp_output"
"999d9524-9e42-400e-8dcc-cab84bc9d3ac","infraspecies","Animalia","Insecta","Yoma sabina podium","NT","2025-05-01","redlistTW_change_infrasp_output"
"88ad4b6d-326d-425d-bd4f-d75f1eb151dd","infraspecies","Animalia","Insecta","Papilio agestor matsumurae","NT","2025-05-01","redlistTW_change_infrasp_output"
"ac5c9565-4a0a-4e8c-a087-6d33e09de187","infraspecies","Animalia","Insecta","Papilio epycides melanoleucus","VU","2025-05-01","redlistTW_change_infrasp_output"
"100efaae-56f0-4e45-921a-14e3b308b712","infraspecies","Animalia","Insecta","Papilio bianor thrasymedes","LC","2025-05-01","redlistTW_change_infrasp_output"
"e3d9fb2b-f585-46aa-aa6e-2771392db243","infraspecies","Animalia","Insecta","Papilio castor formosanus","LC","2025-05-01","redlistTW_change_infrasp_output"
"5b5a0956-71e9-455b-bf02-693413489467","infraspecies","Animalia","Insecta","Papilio dialis tatsuta","VU","2025-05-01","redlistTW_change_infrasp_output"
"1ad4edfb-ac3b-489c-86d2-def5d521ffc2","infraspecies","Animalia","Insecta","Papilio helenus fortunius","LC","2025-05-01","redlistTW_change_infrasp_output"
"631c0341-4ab1-40e1-8a94-a29c72cbe919","infraspecies","Animalia","Insecta","Papilio agenor heronus","LC","2025-05-01","redlistTW_change_infrasp_output"
"222cfef4-4976-426a-9216-eab56249b6db","infraspecies","Animalia","Insecta","Papilio nephelus chaonulus","LC","2025-05-01","redlistTW_change_infrasp_output"
"f15f3495-727b-4d9b-a44b-0f5925e46ce7","infraspecies","Animalia","Insecta","Papilio polytes polytes","LC","2025-05-01","redlistTW_change_infrasp_output"
"ae388ad5-8a9c-4e1c-b07c-2836a49a5e90","infraspecies","Animalia","Insecta","Papilio protenor protenor","LC","2025-05-01","redlistTW_change_infrasp_output"
"f63b489a-0daf-4d23-a912-a8a3232d50aa","infraspecies","Animalia","Insecta","Troides aeacus kaguya","LC","2025-05-01","redlistTW_change_infrasp_output"
"1685f070-42f9-4252-8c42-f9e406600d27","infraspecies","Animalia","Insecta","Troides magellanus sonani","VU","2025-05-01","redlistTW_change_infrasp_output"
"2bc0f2fa-1aae-4d10-a801-a5f40e49b3b0","infraspecies","Animalia","Insecta","Byasa confusus mansonensis","VU","2025-05-01","redlistTW_change_infrasp_output"
"10c0b29f-931d-4fce-8ee9-a0ea4c9bee83","infraspecies","Animalia","Insecta","Byasa impediens febanus","LC","2025-05-01","redlistTW_change_infrasp_output"
"ada1a86f-f434-4fc8-a20d-9fb66d288ddd","infraspecies","Animalia","Insecta","Byasa polyeuctes termessus","LC","2025-05-01","redlistTW_change_infrasp_output"
"e62425bb-7026-4f58-9849-d8df3c7ed1db","infraspecies","Animalia","Insecta","Pachliopta aristolochiae interpositus","LC","2025-05-01","redlistTW_change_infrasp_output"
"285631be-365e-4a35-9494-f2d67ea78b1e","infraspecies","Animalia","Insecta","Graphium eurous asakurae","NT","2025-05-01","redlistTW_change_infrasp_output"
"169578e3-e871-4ada-9f61-7409ebbd32bd","infraspecies","Animalia","Insecta","Graphium cloanthus kuge","NT","2025-05-01","redlistTW_change_infrasp_output"
"60921cf3-00b7-498f-9a4c-424a1ac785d0","infraspecies","Animalia","Insecta","Graphium doson postianus","LC","2025-05-01","redlistTW_change_infrasp_output"
"ac871f8b-22a9-4e6d-b425-0c39ee6bc4ac","infraspecies","Animalia","Insecta","Graphium sarpedon connectens","LC","2025-05-01","redlistTW_change_infrasp_output"
"ec115102-50c8-42b8-a39e-5a3122ae5ca4","infraspecies","Animalia","Insecta","Eurema alitha esakii","LC","2025-05-01","redlistTW_change_infrasp_output"
"2e9f47cd-ef50-4846-ae33-0fc284c40e20","infraspecies","Animalia","Insecta","Eurema andersoni godana","LC","2025-05-01","redlistTW_change_infrasp_output"
"36b68572-eecb-4813-ac64-c631b7961c82","infraspecies","Animalia","Insecta","Eurema blanda arsakia","LC","2025-05-01","redlistTW_change_infrasp_output"
"f81dd4dc-11cc-4b58-95dc-8d28e9f4e8e5","infraspecies","Animalia","Insecta","Eurema laeta punctissima","EN","2025-05-01","redlistTW_change_infrasp_output"
"4fdeff5b-dbc4-44a5-bf35-8872cf6abc17","infraspecies","Animalia","Insecta","Gonepteryx amintha formosana","LC","2025-05-01","redlistTW_change_infrasp_output"
"d85b2ead-1197-4b2c-a119-2b2b836c1166","infraspecies","Animalia","Insecta","Pieris rapae crucivora","LC","2025-05-01","redlistTW_change_infrasp_output"
"a4f4cd9a-2b1b-4c1f-8431-ed2165fc65c3","infraspecies","Animalia","Insecta","Prioneris thestylis formosana","NT","2025-05-01","redlistTW_change_infrasp_output"
"7bf52ad4-4f4e-46b3-a827-5ad65e7b160e","infraspecies","Animalia","Insecta","Aporia genestieri insularis","NT","2025-05-01","redlistTW_change_infrasp_output"
"9a8d93b7-3567-4a22-b463-b7ff1215c69e","infraspecies","Animalia","Insecta","Appias albina semperi","LC","2025-05-01","redlistTW_change_infrasp_output"
"e3cd6370-45ad-4cc6-bc88-7580af32b3a3","infraspecies","Animalia","Insecta","Appias indra aristoxemus","LC","2025-05-01","redlistTW_change_infrasp_output"
"d2af9109-5aba-48ec-b430-044937d52ea0","infraspecies","Animalia","Insecta","Appias lyncida eleonora","LC","2025-05-01","redlistTW_change_infrasp_output"
"2198ab8c-ced3-4267-b10c-d1a5e9f879ad","infraspecies","Animalia","Insecta","Cepora nadina eunama","LC","2025-05-01","redlistTW_change_infrasp_output"
"6fee91d5-c660-4de8-86a7-8b2c898f208d","infraspecies","Animalia","Insecta","Cepora nerissa cibyra","NT","2025-05-01","redlistTW_change_infrasp_output"
"0961e5c4-8ffc-4fc8-9f87-9e41ad21f83c","infraspecies","Animalia","Insecta","Colias erate formosana","NT","2025-05-01","redlistTW_change_infrasp_output"
"d18ca08b-aeeb-43a1-9e14-5f6ce1f2bfc2","infraspecies","Animalia","Insecta","Delias berinda wilemani","NT","2025-05-01","redlistTW_change_infrasp_output"
"47719293-0952-4bfb-9d62-def792b7d793","infraspecies","Animalia","Insecta","Delias hyparete luzonensis","NT","2025-05-01","redlistTW_change_infrasp_output"
"0ca8228e-d5c6-4595-93b6-00cff70bca49","infraspecies","Animalia","Insecta","Delias lativitta formosana","NT","2025-05-01","redlistTW_change_infrasp_output"
"61a387f0-fd8c-4be3-90f1-22aa96ec6d5c","infraspecies","Animalia","Insecta","Delias pasithoe curasena","LC","2025-05-01","redlistTW_change_infrasp_output"
"c77a7eb7-06ba-4896-bffc-52d2853df18a","infraspecies","Animalia","Insecta","Hebomoia glaucippe formosana","LC","2025-05-01","redlistTW_change_infrasp_output"
"afba83cc-4666-4573-a1dc-4788995ccaca","infraspecies","Animalia","Insecta","Ixias pyrene insignis","NT","2025-05-01","redlistTW_change_infrasp_output"
"461d4b03-18a8-4d87-8a3f-775d25b0e794","infraspecies","Animalia","Insecta","Leptosia nina niobe","LC","2025-05-01","redlistTW_change_infrasp_output"
"d8760853-dcba-4859-8632-e5b22ed97608","infraspecies","Animalia","Insecta","Talbotia naganum karumii","NT","2025-05-01","redlistTW_change_infrasp_output"
"7676cf9a-9a80-489e-8271-9d6b92021024","infraspecies","Animalia","Insecta","Shijimia moorei taiwana","NT","2025-05-01","redlistTW_change_infrasp_output"
"4927d39c-969e-4f49-8779-012eb539f51a","species","Animalia","Insecta","Graphium mullah","NT","2025-05-01","redlistTW_change_infrasp_output"
"8ef80f7a-ad73-4ab5-8e62-88f991f9339d","infraspecies","Animalia","Insecta","Graphium mullah chungianus","NT","2025-05-01","redlistTW_change_infrasp_output"
"15975879-430d-4e24-a3ae-de73aa4e198c","infraspecies","Animalia","Insecta","Spindasis syama lamuae","LC","2025-05-01","redlistTW_change_infrasp_output"
"e6dd3f81-848e-4d8e-b83f-dfed87be2971","infraspecies","Animalia","Insecta","Catopsilia pomona pomona","LC","2025-05-01","redlistTW_change_infrasp_output"
"753c6697-dfae-4f68-ab09-06117cb1e772","infraspecies","Animalia","Insecta","Catopsilia pyranthe pyranthe","LC","2025-05-01","redlistTW_change_infrasp_output"
"6bacaf64-48f2-45d5-84a9-808b3e4490f4","infraspecies","Animalia","Insecta","Jamides celeno lydanus","LC","2025-05-01","redlistTW_change_infrasp_output"
"6fae1aa0-c940-4920-b376-4f87e54819c9","infraspecies","Animalia","Insecta","Chrysozephyrus mushaellus mushaellus","NT","2025-05-01","redlistTW_change_infrasp_output"
"1c25cfe1-d61a-4aaa-80ac-84f94aeb5470","species","Animalia","Insecta","Mahathala ameria","LC","2025-05-01","redlistTW_change_infrasp_output"
"8c4ad36b-7e08-443b-a095-760dbfaadc75","species","Animalia","Insecta","Caltoris ranrunna","LC","2025-05-01","redlistTW_change_infrasp_output"
"286b5295-f3fe-4f79-9ece-cb80e189c68e","species","Animalia","Insecta","Ypthima atra","LC","2025-05-01","redlistTW_change_infrasp_output"
"5687ee8e-e0c8-4b7f-b784-d5765d2c769a","species","Animalia","Insecta","Mycalesis mucianus","LC","2025-05-01","redlistTW_change_infrasp_output"
"469bee12-5639-4543-a284-55480fe9684c","species","Animalia","Insecta","Limenitis jina","NT","2025-05-01","redlistTW_change_infrasp_output"
"ab3fde2d-b644-436f-bc05-f39ee2740cb2","species","Animalia","Insecta","Boloria palina","DD","2025-05-01","redlistTW_change_infrasp_output"
"2de40b01-50c6-44b9-a075-788f96e643aa","infraspecies","Animalia","Insecta","Ypthima esakii esakii","LC","2025-05-01","redlistTW_change_infrasp_output"
"aa205d4e-3a56-4736-bd50-2b23d17d094a","infraspecies","Animalia","Insecta","Boloria palina yangi","DD","2025-05-01","redlistTW_change_infrasp_output"
