"taxonUUID","taxonRank","parentUUID","taxon_id","simplifiedScientificName","kingdom","class","nativeness","endemism","protectedStatusTW","categoryRedlistTW","categoryIUCN","sensitiveCategory","categoryRedlistVersionTW"
"03cb1ec3-8b54-4876-b755-05406c0e2ab8","species","61fdf452-0188-4b5a-98ad-93ac7bc89e84","","Carrhotus viduus","Animalia","Arachnida","原生 Native","","","","","",NA
"fa561dd6-3909-42f3-9bc2-e4444c64c707","species","afe6ce6e-ce42-45e4-aeda-bd283f5c6e0a","","Amphiesma sp.","Animalia","Reptilia","原生 Native","台灣特有","","","","",NA
"8fe4d0b8-eba8-410a-835a-ea5f9f803e30","infraspecies","de71cb4d-c630-4c0b-98b5-3a7428fd3ece","","Microcystis aeruginosa aeruginosa","Bacteria","Cyanophyceae","原生 Native","","","","","",NA
"534293e3-4d9b-42fb-93e5-8a09a36c62d6","species","47ad99d1-0d36-45bf-941f-7131a7924495","","Podocnemis unifilis","Animalia","Reptilia","外來 Non-native","","","","","",NA
"060c8136-2fe0-4478-8f68-c2d1a85b413d","species","719a16e9-f32e-4b87-a097-1419d5ad8483","","Centrochelys sulcata","Animalia","Reptilia","外來 Non-native","","","","瀕危（EN, Endangered）","",NA
"9aaea9a4-924e-46db-8ff3-221b3007b150","species","09e90618-f886-41a6-ba61-2cb9b57bd50b","","Dendriscosticta phyllidiata","Fungi","Ascomycetes","原生 Native","","","","","",NA
"2d8e7d95-6403-4490-9ddc-4444557f3b28","species","f74027db-c09c-4b80-9e77-899963012aea","","Tropidoclonion lineatum","Animalia","Reptilia","外來 Non-native","","","","暫無危機（LC, Least Concern）","",NA
"1693137d-a211-4743-b37f-8bc43ebbe2e1","species","e891dcd1-c1f7-4ae2-b08f-9d349583f8ae","","Alle alle","Animalia","Aves","原生 Native","","","","暫無危機（LC, Least Concern）","",NA
"ade52c8a-ed3a-4ea2-9829-ae725d377255","species","ae9b9ca4-bd86-4793-8731-62e1cad93db5","","Pyrrhura molinae","Animalia","Aves","外來 Non-native","","","","暫無危機（LC, Least Concern）","",NA
"1733bbe3-48a8-433e-9bb0-688d14e943a8","species","41bc70f1-387f-480b-ae45-7e5463ada020","","Mustela putorius","Animalia","Mammalia","外來 Non-native","","","","暫無危機（LC, Least Concern）","",NA
"ad4a8f2c-9cbf-4170-9a6d-66c8dacd57d4","infraspecies","1733bbe3-48a8-433e-9bb0-688d14e943a8","","Mustela putorius furo","Animalia","Mammalia","外來 Non-native","","","","暫無危機（LC, Least Concern）","",NA
"b8bf8509-0dc8-4042-a722-b0f0e44d9697","species","cbd2d7e7-d44c-4ba1-805f-eb0f16441b4d","","Procyon lotor","Animalia","Mammalia","外來 Non-native","","","","暫無危機（LC, Least Concern）","",NA
"c10373f4-265a-48dd-9c00-9c9fdd23a51d","species","383f3c0c-6b40-4326-a8f2-47df1d3779db","","Petaurus breviceps","Animalia","Mammalia","外來 Non-native","","","","","",NA
"d9458b74-f1be-4d0e-8077-c977030e3ea5","species","8f38b975-ce34-4f12-9026-07d1d90e5b7a","","Euplectes orix","Animalia","Aves","外來 Non-native","","","","","",NA
"a52434ab-692e-448e-836a-14e8be55520f","species","3ec356a5-8e84-49e7-b670-c64f28414ba7","","Machlolophus spilonotus","Animalia","Aves","外來 Non-native","","","","","",NA
"7b8af3a7-4be8-4169-836a-152ee2d5183b","species","306d4ca6-90cf-45c8-a531-9ef19c66e0d0","","Amandava subflava","Animalia","Aves","外來 Non-native","","","","","",NA
"3e7a03fb-17d5-40b3-8606-176bf4e1fb2e","species","2a5356a1-a404-485a-b2b9-0aabe6e0891a","","Agapornis personatus","Animalia","Aves","外來 Non-native","","","","暫無危機（LC, Least Concern）","",NA
"aafb6332-190b-4cc6-ab49-27acef3386b4","species","2f7301f1-94da-4e03-8226-c6ff8e1de2bd","","Ara chloropterus","Animalia","Aves","外來 Non-native","","","","暫無危機（LC, Least Concern）","",NA
"606ec845-ddff-4d26-9328-f98262379fe3","species","d70ff556-a979-4ab5-ac6b-3d7e63c80500","","Callonetta leucophrys","Animalia","Aves","外來 Non-native","","","","暫無危機（LC, Least Concern）","",NA
"9c0f14d5-ff72-4e4c-9c82-809667299ee6","species","8c9fb09f-e910-4212-9b1f-e86f7529cec5","","Crithagra citrinipectus","Animalia","Aves","外來 Non-native","","","","暫無危機（LC, Least Concern）","",NA
"7099f442-8a53-4a2d-8931-ffbe3c84fd04","species","becfc705-8db1-42dc-b6cb-e6d2633ad6cd","","Dacelo novaeguineae","Animalia","Aves","外來 Non-native","","","","暫無危機（LC, Least Concern）","",NA
"7bfc652d-5ba2-460e-af0f-814beeba48df","species","5c634750-f6d0-4d68-bad0-89df6ef26525","","Chloropsis cochinchinensis","Animalia","Aves","外來 Non-native","","","","","",NA
"ad201582-e7a7-4fd9-a0ed-c221a73c4b3d","species","88109162-83db-4b4b-af8e-22792fbb4871","","Diopsittaca nobilis","Animalia","Aves","外來 Non-native","","","","","",NA
"a5935862-582d-4613-bb75-ced685072303","species","fb3b13dd-8624-4db7-9ca1-2c9cb4f83355","","Eclectus roratus","Animalia","Aves","外來 Non-native","","","","","",NA
"e74e163c-ed0b-4267-ba67-6504901c45fa","species","ea7180dd-65de-4f11-a234-58d3697c6d56","","Geokichla dohertyi","Animalia","Aves","外來 Non-native","","","","接近受脅（NT, Near Threatened）","",NA
"3c68165d-64e0-4bbc-abcb-a4efc5896034","species","143bf914-c606-4ed0-8780-86ac007e32c7","","Geopelia cuneata","Animalia","Aves","外來 Non-native","","","","暫無危機（LC, Least Concern）","",NA
"3f3457bf-296d-4ce0-82cd-2dc112fa3b02","species","653c3762-998f-407f-ae8e-69a393971b93","","Lamprotornis caudatus","Animalia","Aves","外來 Non-native","","","","暫無危機（LC, Least Concern）","",NA
"74b389a9-5768-485c-bf90-09a5ed774ad0","species","4807b51d-dcc1-46bb-b2ea-d8b9a66ae287","","Leistes superciliaris","Animalia","Aves","外來 Non-native","","","","暫無危機（LC, Least Concern）","",NA
"404f67b3-05ea-4bc3-91ef-0991c7689583","species","e8994324-2f7b-49c1-9c8e-43dd476d9033","","Meleagris gallopavo","Animalia","Aves","外來 Non-native","","","","暫無危機（LC, Least Concern）","",NA
"959dcb70-5972-4529-866b-cc978cad8045","species","49de3093-d632-4700-9366-83bc033be1fa","","Myiopsitta monachus","Animalia","Aves","外來 Non-native","","","","","",NA
"e709d5b2-c640-4667-9fb8-60666b1ee392","species","ea44b831-25fd-4155-8602-fe98cc506c81","","Numida meleagris","Animalia","Aves","外來 Non-native","","","","暫無危機（LC, Least Concern）","",NA
"9183b1fe-1421-422a-9fb0-c39fdd68d1b9","species","c2cecd50-1308-44b9-b2c3-1642ff6457f4","","Parabuteo unicinctus","Animalia","Aves","外來 Non-native","","","","暫無危機（LC, Least Concern）","",NA
"af33d0b9-46a7-4906-ab03-92dfe27e3619","species","c089ff47-3191-4feb-9e1e-894c09d8a27e","","Paroaria gularis","Animalia","Aves","外來 Non-native","","","","暫無危機（LC, Least Concern）","",NA
"d23a3d9c-afd8-4445-84d0-b4c9f1ab11b5","species","fa375cf4-d780-41cf-86f1-7087a320fe84","","Ploceus jacksoni","Animalia","Aves","外來 Non-native","","","","暫無危機（LC, Least Concern）","",NA
"f6548d21-5627-4147-8e4c-84df9cdf06da","species","f175b226-99e7-4d47-a9a7-be80a8137249","","Poicephalus senegalus","Animalia","Aves","外來 Non-native","","","","暫無危機（LC, Least Concern）","",NA
"c8e63a90-eac2-4f16-844c-dfa66e8abeea","species","1b5d44c4-e1fd-4175-8d4e-41890839cac8","","Primolius auricollis","Animalia","Aves","外來 Non-native","","","","暫無危機（LC, Least Concern）","",NA
"2a2a5e09-0cc1-4ea0-8876-d3a1add0bbbd","species","6cab629c-9118-4a46-91a5-70cebb210609","","Psittacara erythrogenys","Animalia","Aves","外來 Non-native","","","","接近受脅（NT, Near Threatened）","",NA
"6b954751-7b3e-43e8-a855-d3d098f01ffc","species","a7e5bc98-56c5-4567-8baa-722e3ba07f21","","Psittacula eupatria","Animalia","Aves","外來 Non-native","","","","","",NA
"c9ee301c-8be3-4dde-8542-8aa54aae1742","species","ffbfd34a-640d-485a-83d5-6da6cc031dad","","Pyrrhocorax pyrrhocorax","Animalia","Aves","外來 Non-native","","","","暫無危機（LC, Least Concern）","",NA
"8b3d288a-1c6d-4a53-9793-1f3c28095b5d","species","87622eaf-9bfd-4ac1-a045-2f2d9561d411","","Sicalis columbiana","Animalia","Aves","外來 Non-native","","","","暫無危機（LC, Least Concern）","",NA
"54a5c8b3-778a-46e0-9b9c-7d36799b3c18","species","92a24bcd-768a-4e02-b28f-d493884442df","","Trichoglossus moluccanus","Animalia","Aves","外來 Non-native","","","","暫無危機（LC, Least Concern）","",NA
"df813c85-d964-4849-b506-d315679eb937","species","92a24bcd-768a-4e02-b28f-d493884442df","","Trichoglossus rubritorquis","Animalia","Aves","外來 Non-native","","","","暫無危機（LC, Least Concern）","",NA
"fb46b4e5-d2b4-43ba-a5db-f3cc22bf92b1","species","4be665b9-5fc4-440c-885b-6d3e3b42ef37","","Trochalopteron formosum","Animalia","Aves","外來 Non-native","","","","暫無危機（LC, Least Concern）","",NA
"ca04b9ad-203b-49a4-9ff4-25a903752d32","species","f32d3c8c-a246-4acd-8da2-dd39f26deaff","","Vidua chalybeata","Animalia","Aves","外來 Non-native","","","","暫無危機（LC, Least Concern）","",NA
"236baa19-37c4-41b9-8761-dc2e29ec67f5","species","f32d3c8c-a246-4acd-8da2-dd39f26deaff","","Vidua obtusa","Animalia","Aves","外來 Non-native","","","","暫無危機（LC, Least Concern）","",NA
"696ba4d9-5235-4c5d-b3fe-3dd4f01975e0","species","725a40ba-6cfa-4394-b306-9a6040784644","","Peltigera mikado","Fungi","Ascomycetes","原生 Native","","","","","",NA
"47011ba1-a5ba-4aa0-937e-caf42b93cc20","species","8f38b975-ce34-4f12-9026-07d1d90e5b7a","","Euplectes afer","Animalia","Aves","外來 Non-native","","","","暫無危機（LC, Least Concern）","",NA
"8d3b0f6d-7b24-4e98-bd0c-dc51897a7587","species","97a584e6-1689-45ee-a654-5dc2624f3143","","Stizoptera bichenovii","Animalia","Aves","外來 Non-native","","","","暫無危機（LC, Least Concern）","",NA
"e6ed5b5d-64c0-41f6-b7d9-2142899acee4","species","58b25f68-0a3d-43a8-a3f0-1e1125dcfa45","","Graptemys ouachitensis","Animalia","Reptilia","外來 Non-native","","","","","",NA
